No,sec,Time,Julabo_ex_pv(°C),Pressure(Pa),P_slope,,,Weight(g),W_slope,,,Interval
 0 , 174302.25 ,10:07:11,59.40,,,,,7.976750,,,0.000030,/90sec
 0 , 174392.781 ,10:08:42,59.41,,,,,7.976750,,,0.000030,/90sec
 0 , 174482.75 ,10:10:12,59.41,,,,,7.976760,,,0.000030,/90sec
 0 , 174572.297 ,10:11:41,59.42,,,,,7.976740,,,0.000030,/90sec
 0 , 174662.797 ,10:13:12,59.40,,,,,7.976740,,,0.000030,/90sec
 0 , 174752.36 ,10:14:41,59.39,,,,,7.976740,,,0.000030,/90sec
 0 , 174842.953 ,10:16:12,59.39,,,,,7.976740,,,0.000030,/90sec
 0 , 174932.672 ,10:17:42,59.39,,,,,7.976750,,,0.000030,/90sec
 0 , 175022.625 ,10:19:12,59.40,,,,,7.976750,,,0.000030,/90sec
 0 , 175112.516 ,10:20:41,59.41,,,,,7.976750,,,0.000030,/90sec
 0 , 175202.844 ,10:22:12,59.41,,,,,7.976730,-0.0000010,<,0.000030,/90sec
 1 , 176886.625 ,10:50:16,59.35,51860,,,,7.973460,,,0.000030,/300sec
 1 , 177186.61 ,10:55:16,59.35,51852,,,,7.973500,,,0.000030,/300sec
 1 , 177487.031 ,11:00:16,59.37,51847,,,,7.973550,,,0.000030,/300sec
 1 , 177787.078 ,11:05:16,59.35,51843,,,,7.973570,,,0.000030,/300sec
 1 , 178086.625 ,11:10:16,59.36,51839,,,,7.973590,,,0.000030,/300sec
 1 , 178387.266 ,11:15:16,59.38,51835,,,,7.973600,,,0.000030,/300sec
 1 , 178687.219 ,11:20:16,59.36,51827,,,,7.973610,,,0.000030,/300sec
 1 , 178987.156 ,11:25:16,59.38,51827,,,,7.973630,,,0.000030,/300sec
 1 , 179286.656 ,11:30:16,59.35,51823,,,,7.973630,,,0.000030,/300sec
 1 , 179586.672 ,11:35:16,59.36,51819,,,,7.973660,,,0.000030,/300sec
 1 , 179886.766 ,11:40:16,59.39,51823,-3.921,<,5.000,7.973650,0.0000179,<,0.000030,/300sec
 2 , 181120.078 ,12:00:49,59.47,153869,,,,7.967630,,,0.000030,/300sec
 2 , 181420.156 ,12:05:49,59.46,153762,,,,7.967740,,,0.000030,/300sec
 2 , 181720.219 ,12:10:49,59.48,153762,,,,7.967840,,,0.000030,/300sec
 2 , 182020.219 ,12:15:49,59.49,153762,,,,7.967920,,,0.000030,/300sec
 2 , 182319.641 ,12:20:49,59.47,153762,,,,7.967980,,,0.000030,/300sec
 2 , 182619.985 ,12:25:49,59.49,153656,,,,7.968060,,,0.000030,/300sec
 2 , 182919.922 ,12:30:49,59.48,153656,,,,7.968130,,,0.000030,/300sec
 2 , 183220.141 ,12:35:49,59.51,153656,,,,7.968160,,,0.000030,/300sec
 2 , 183519.891 ,12:40:49,59.51,153656,,,,7.968240,,,0.000030,/300sec
 2 , 183820.016 ,12:45:49,59.52,153549,,,,7.968270,,,0.000030,/300sec
 2 , 184120.031 ,12:50:49,59.55,153549,-28.161,<,35.000,7.968300,0.0000664,>=,0.000030,/300sec
 2 , 184420.016 ,12:55:49,59.54,153549,-25.248,<,35.000,7.968320,0.0000583,>=,0.000030,/300sec
 2 , 184720.328 ,13:00:49,59.57,153549,-25.248,<,35.000,7.968380,0.0000526,>=,0.000030,/300sec
 2 , 185019.719 ,13:05:49,59.56,153549,-23.305,<,35.000,7.968370,0.0000462,>=,0.000030,/300sec
 2 , 185320.453 ,13:10:49,59.57,153549,-19.421,<,35.000,7.968410,0.0000411,>=,0.000030,/300sec
 2 , 185619.781 ,13:15:49,59.59,153549,-13.595,<,35.000,7.968410,0.0000348,>=,0.000030,/300sec
 2 , 185920.078 ,13:20:49,59.56,153549,-11.653,<,35.000,7.968430,0.0000299,<,0.000030,/300sec
 3 , 186959.797 ,13:38:09,59.71,504013,,,,7.946940,,,0.000030,/300sec
 3 , 187259.844 ,13:43:09,59.68,503800,,,,7.947460,,,0.000030,/300sec
 3 , 187560.156 ,13:48:09,59.67,503586,,,,7.947890,,,0.000030,/300sec
 3 , 187859.781 ,13:53:09,59.66,503586,,,,7.948200,,,0.000030,/300sec
 3 , 188159.828 ,13:58:09,59.66,503266,,,,7.948500,,,0.000030,/300sec
 3 , 188460.11 ,14:03:09,59.68,503266,,,,7.948740,,,0.000030,/300sec
 3 , 188760.031 ,14:08:09,59.66,503159,,,,7.948960,,,0.000030,/300sec
 3 , 189059.828 ,14:13:09,59.68,503052,,,,7.949130,,,0.000030,/300sec
 3 , 189359.86 ,14:18:09,59.66,503052,,,,7.949300,,,0.000030,/300sec
 3 , 189660.11 ,14:23:09,59.68,502945,,,,7.949430,,,0.000030,/300sec
 3 , 189960.016 ,14:28:09,59.67,502945,-104.874,>=,35.000,7.949560,0.0002503,>=,0.000030,/300sec
 3 , 190260.25 ,14:33:09,59.69,502838,-90.308,>=,35.000,7.949670,0.0002128,>=,0.000030,/300sec
 3 , 190559.875 ,14:38:09,59.67,502838,-76.714,>=,35.000,7.949790,0.0001844,>=,0.000030,/300sec
 3 , 190859.625 ,14:43:09,59.67,502732,-70.887,>=,35.000,7.949870,0.0001618,>=,0.000030,/300sec
 3 , 191160.047 ,14:48:09,59.68,502732,-57.292,>=,35.000,7.949950,0.0001418,>=,0.000030,/300sec
 3 , 191459.969 ,14:53:09,59.67,502732,-53.408,>=,35.000,7.950040,0.0001264,>=,0.000030,/300sec
 3 , 191759.875 ,14:58:09,59.69,502625,-49.524,>=,35.000,7.950100,0.0001127,>=,0.000030,/300sec
 3 , 192059.688 ,15:03:09,59.67,502625,-45.640,>=,35.000,7.950150,0.0001010,>=,0.000030,/300sec
 3 , 192359.766 ,15:08:09,59.69,502625,-42.727,>=,35.000,7.950220,0.0000909,>=,0.000030,/300sec
 3 , 192659.656 ,15:13:09,59.68,502625,-35.929,>=,35.000,7.950260,0.0000820,>=,0.000030,/300sec
 3 , 192959.875 ,15:18:09,59.70,502625,-31.074,<,35.000,7.950290,0.0000728,>=,0.000030,/300sec
 3 , 193259.688 ,15:23:09,59.69,502518,-28.161,<,35.000,7.950340,0.0000652,>=,0.000030,/300sec
 3 , 193559.828 ,15:28:09,59.70,502518,-27.190,<,35.000,7.950370,0.0000578,>=,0.000030,/300sec
 3 , 193860.047 ,15:33:09,59.69,502518,-23.305,<,35.000,7.950400,0.0000520,>=,0.000030,/300sec
 3 , 194159.641 ,15:38:09,59.68,502411,-27.190,<,35.000,7.950440,0.0000468,>=,0.000030,/300sec
 3 , 194459.891 ,15:43:09,59.69,502411,-28.161,<,35.000,7.950460,0.0000417,>=,0.000030,/300sec
 3 , 194760.156 ,15:48:09,59.68,502411,-26.219,<,35.000,7.950500,0.0000387,>=,0.000030,/300sec
 3 , 195060.266 ,15:53:09,59.70,502411,-27.190,<,35.000,7.950530,0.0000362,>=,0.000030,/300sec
 3 , 195359.953 ,15:58:09,59.67,502411,-26.219,<,35.000,7.950530,0.0000325,>=,0.000030,/300sec
 3 , 195659.719 ,16:03:09,59.69,502304,-28.161,<,35.000,7.950570,0.0000309,>=,0.000030,/300sec
 3 , 195960.141 ,16:08:09,59.69,502304,-27.190,<,35.000,7.950570,0.0000284,<,0.000030,/300sec
 4 , 197047.016 ,16:26:16,59.81,1001244,,,,7.918970,,,0.000030,/300sec
 4 , 197346.938 ,16:31:16,59.76,1000923,,,,7.919720,,,0.000030,/300sec
 4 , 197647.078 ,16:36:16,59.73,1000603,,,,7.920330,,,0.000030,/300sec
 4 , 197946.594 ,16:41:16,59.70,1000389,,,,7.920800,,,0.000030,/300sec
 4 , 198246.938 ,16:46:16,59.66,1000176,,,,7.921210,,,0.000030,/300sec
 4 , 198546.531 ,16:51:15,59.68,1000069,,,,7.921590,,,0.000030,/300sec
 4 , 198846.688 ,16:56:16,59.65,999962,,,,7.921910,,,0.000030,/300sec
 4 , 199146.688 ,17:01:16,59.68,999855,,,,7.922170,,,0.000030,/300sec
 4 , 199446.953 ,17:06:16,59.67,999748,,,,7.922410,,,0.000030,/300sec
 4 , 199747.031 ,17:11:16,59.67,999642,,,,7.922640,,,0.000030,/300sec
 4 , 200046.469 ,17:16:15,59.70,999642,-154.398,>=,35.000,7.922830,0.0003696,>=,0.000030,/300sec
 4 , 200346.938 ,17:21:16,59.69,999535,-128.180,>=,35.000,7.922980,0.0003164,>=,0.000030,/300sec
 4 , 200646.578 ,17:26:16,59.72,999535,-103.903,>=,35.000,7.923130,0.0002744,>=,0.000030,/300sec
 4 , 200946.547 ,17:31:15,59.70,999428,-89.337,>=,35.000,7.923250,0.0002401,>=,0.000030,/300sec
 4 , 201246.766 ,17:36:16,59.71,999321,-80.598,>=,35.000,7.923360,0.0002099,>=,0.000030,/300sec
 4 , 201546.985 ,17:41:16,59.74,999321,-73.800,>=,35.000,7.923460,0.0001834,>=,0.000030,/300sec
 4 , 201846.547 ,17:46:15,59.74,999214,-69.916,>=,35.000,7.923540,0.0001607,>=,0.000030,/300sec
 4 , 202146.672 ,17:51:16,59.77,999321,-59.235,>=,35.000,7.923640,0.0001424,>=,0.000030,/300sec
 4 , 202446.594 ,17:56:16,59.74,999214,-53.408,>=,35.000,7.923680,0.0001243,>=,0.000030,/300sec
 4 , 202747.125 ,18:01:16,59.78,999214,-47.582,>=,35.000,7.923770,0.0001096,>=,0.000030,/300sec
 4 , 203046.813 ,18:06:16,59.78,999214,-42.727,>=,35.000,7.923800,0.0000965,>=,0.000030,/300sec
 4 , 203346.547 ,18:11:15,59.79,999107,-38.842,>=,35.000,7.923860,0.0000860,>=,0.000030,/300sec
 4 , 203646.75 ,18:16:16,59.83,999214,-31.074,<,35.000,7.923890,0.0000756,>=,0.000030,/300sec
 4 , 203946.875 ,18:21:16,59.80,999214,-20.392,<,35.000,7.923940,0.0000675,>=,0.000030,/300sec
 4 , 204246.86 ,18:26:16,59.82,999107,-17.479,<,35.000,7.923970,0.0000598,>=,0.000030,/300sec
 4 , 204546.766 ,18:31:16,59.82,999001,-22.334,<,35.000,7.924010,0.0000535,>=,0.000030,/300sec
 4 , 204846.953 ,18:36:16,59.85,999107,-19.421,<,35.000,7.924040,0.0000480,>=,0.000030,/300sec
 4 , 205146.688 ,18:41:16,59.83,999107,-20.392,<,35.000,7.924070,0.0000430,>=,0.000030,/300sec
 4 , 205446.875 ,18:46:16,59.86,999001,-19.421,<,35.000,7.924080,0.0000391,>=,0.000030,/300sec
 4 , 205746.766 ,18:51:16,59.88,999001,-21.363,<,35.000,7.924110,0.0000347,>=,0.000030,/300sec
 4 , 206046.781 ,18:56:16,59.86,999001,-21.363,<,35.000,7.924100,0.0000309,>=,0.000030,/300sec
 4 , 206346.985 ,19:01:16,59.89,999001,-19.421,<,35.000,7.924140,0.0000275,<,0.000030,/300sec
 5 , 207414.5 ,19:19:03,59.98,1498154,,,,7.891270,,,0.000030,/300sec
 5 , 207714.203 ,19:24:03,59.95,1497620,,,,7.892080,,,0.000030,/300sec
 5 , 208014.781 ,19:29:04,59.98,1497513,,,,7.892690,,,0.000030,/300sec
 5 , 208314.5 ,19:34:03,59.95,1497086,,,,7.893200,,,0.000030,/300sec
 5 , 208614.766 ,19:39:04,59.95,1496979,,,,7.893620,,,0.000030,/300sec
 5 , 208914.235 ,19:44:03,59.98,1496872,,,,7.894000,,,0.000030,/300sec
 5 , 209214.438 ,19:49:03,59.95,1496872,,,,7.894310,,,0.000030,/300sec
 5 , 209514.5 ,19:54:03,59.96,1496551,,,,7.894600,,,0.000030,/300sec
 5 , 209814.625 ,19:59:04,60.00,1496658,,,,7.894840,,,0.000030,/300sec
 5 , 210114.36 ,20:04:03,59.98,1496551,,,,7.895050,,,0.000030,/300sec
 5 , 210414.188 ,20:09:03,59.98,1496551,-145.659,>=,35.000,7.895240,0.0003788,>=,0.000030,/300sec
 5 , 210714.5 ,20:14:03,60.02,1496551,-106.816,>=,35.000,7.895400,0.0003217,>=,0.000030,/300sec
 5 , 211014.766 ,20:19:04,60.00,1496445,-87.395,>=,35.000,7.895560,0.0002785,>=,0.000030,/300sec
 5 , 211314.672 ,20:24:04,60.04,1496445,-63.119,>=,35.000,7.895680,0.0002425,>=,0.000030,/300sec
 5 , 211614.36 ,20:29:03,60.05,1496551,-47.582,>=,35.000,7.895780,0.0002115,>=,0.000030,/300sec
 5 , 211914.219 ,20:34:03,60.04,1496338,-42.727,>=,35.000,7.895880,0.0001846,>=,0.000030,/300sec
 5 , 212214.61 ,20:39:04,60.07,1496338,-37.871,>=,35.000,7.895980,0.0001625,>=,0.000030,/300sec
 5 , 212514.797 ,20:44:04,60.06,1496231,-33.016,<,35.000,7.896050,0.0001424,>=,0.000030,/300sec
 5 , 212814.735 ,20:49:04,60.05,1496124,-44.669,>=,35.000,7.896140,0.0001264,>=,0.000030,/300sec
 5 , 213114.485 ,20:54:03,60.08,1496231,-41.756,>=,35.000,7.896200,0.0001122,>=,0.000030,/300sec
 5 , 213414.735 ,20:59:04,60.04,1496017,-50.495,>=,35.000,7.896270,0.0001003,>=,0.000030,/300sec
 5 , 213714.422 ,21:04:03,60.04,1495911,-59.235,>=,35.000,7.896320,0.0000899,>=,0.000030,/300sec
 5 , 214014.266 ,21:09:03,60.08,1496017,-57.292,>=,35.000,7.896380,0.0000812,>=,0.000030,/300sec
 5 , 214314.219 ,21:14:03,60.05,1495911,-61.177,>=,35.000,7.896400,0.0000732,>=,0.000030,/300sec
 5 , 214614.453 ,21:19:03,60.05,1495911,-60.206,>=,35.000,7.896440,0.0000659,>=,0.000030,/300sec
 5 , 214914.235 ,21:24:03,60.09,1495911,-48.553,>=,35.000,7.896470,0.0000585,>=,0.000030,/300sec
 5 , 215214.781 ,21:29:04,60.07,1495911,-42.727,>=,35.000,7.896500,0.0000517,>=,0.000030,/300sec
 5 , 215514.563 ,21:34:04,60.07,1495804,-37.871,>=,35.000,7.896530,0.0000461,>=,0.000030,/300sec
 5 , 215814.266 ,21:39:03,60.10,1495911,-29.132,<,35.000,7.896530,0.0000393,>=,0.000030,/300sec
 5 , 216114.297 ,21:44:03,60.06,1495804,-28.161,<,35.000,7.896540,0.0000335,>=,0.000030,/300sec
 5 , 216415.016 ,21:49:04,60.06,1495804,-18.450,<,35.000,7.896560,0.0000282,<,0.000030,/300sec
 6 , 217504.563 ,22:07:14,60.16,1994636,,,,7.862360,,,0.000030,/300sec
 6 , 217804.078 ,22:12:13,60.14,1994316,,,,7.863190,,,0.000030,/300sec
 6 , 218104 ,22:17:13,60.11,1993889,,,,7.863810,,,0.000030,/300sec
 6 , 218404.469 ,22:22:13,60.13,1993782,,,,7.864350,,,0.000030,/300sec
 6 , 218704.344 ,22:27:13,60.13,1993568,,,,7.864780,,,0.000030,/300sec
 6 , 219004.625 ,22:32:14,60.11,1993355,,,,7.865150,,,0.000030,/300sec
 6 , 219304.297 ,22:37:13,60.14,1993355,,,,7.865510,,,0.000030,/300sec
 6 , 219604.203 ,22:42:13,60.14,1993248,,,,7.865790,,,0.000030,/300sec
 6 , 219904.453 ,22:47:13,60.11,1992927,,,,7.866030,,,0.000030,/300sec
 6 , 220204.797 ,22:52:14,60.13,1992607,,,,7.866270,,,0.000030,/300sec
 6 , 220504.313 ,22:57:13,60.12,1992821,-182.559,>=,35.000,7.866450,0.0003913,>=,0.000030,/300sec
 6 , 220804.375 ,23:02:13,60.09,1992393,-170.906,>=,35.000,7.866630,0.0003333,>=,0.000030,/300sec
 6 , 221104.578 ,23:07:14,60.10,1992180,-166.051,>=,35.000,7.866790,0.0002890,>=,0.000030,/300sec
 6 , 221404.469 ,23:12:13,60.10,1992180,-165.080,>=,35.000,7.866920,0.0002517,>=,0.000030,/300sec
 6 , 221704.313 ,23:17:13,60.07,1992073,-159.254,>=,35.000,7.867030,0.0002206,>=,0.000030,/300sec
 6 , 222004.063 ,23:22:13,60.08,1992180,-144.688,>=,35.000,7.867120,0.0001927,>=,0.000030,/300sec
 6 , 222304.656 ,23:27:14,60.09,1992180,-129.151,>=,35.000,7.867190,0.0001669,>=,0.000030,/300sec
 6 , 222604.516 ,23:32:13,60.03,1992073,-107.787,>=,35.000,7.867270,0.0001458,>=,0.000030,/300sec
 6 , 222903.938 ,23:37:13,60.05,1991966,-85.453,>=,35.000,7.867360,0.0001281,>=,0.000030,/300sec
 6 , 223204.11 ,23:42:13,60.06,1991966,-68.945,>=,35.000,7.867420,0.0001119,>=,0.000030,/300sec
 6 , 223503.969 ,23:47:13,60.00,1991752,-70.887,>=,35.000,7.867480,0.0000989,>=,0.000030,/300sec
 6 , 223804.25 ,23:52:13,59.99,1991432,-67.974,>=,35.000,7.867550,0.0000879,>=,0.000030,/300sec
 6 , 224104.422 ,23:57:13,59.99,1991432,-75.743,>=,35.000,7.867600,0.0000790,>=,0.000030,/300sec
 6 , 224404.078 ,00:02:13,59.93,1991111,-100.990,>=,35.000,7.867640,0.0000718,>=,0.000030,/300sec
 6 , 224704.016 ,00:07:13,59.92,1990791,-131.093,>=,35.000,7.867720,0.0000676,>=,0.000030,/300sec
 6 , 225003.985 ,00:12:13,59.92,1990898,-149.543,>=,35.000,7.867750,0.0000635,>=,0.000030,/300sec
 6 , 225304.047 ,00:17:13,59.87,1990471,-170.906,>=,35.000,7.867790,0.0000596,>=,0.000030,/300sec
 6 , 225604.406 ,00:22:13,59.86,1990577,-171.877,>=,35.000,7.867820,0.0000548,>=,0.000030,/300sec
 6 , 225904.438 ,00:27:13,59.87,1990364,-173.819,>=,35.000,7.867860,0.0000505,>=,0.000030,/300sec
 6 , 226204.203 ,00:32:13,59.83,1990257,-170.906,>=,35.000,7.867890,0.0000470,>=,0.000030,/300sec
 6 , 226504.469 ,00:37:13,59.84,1990257,-152.456,>=,35.000,7.867910,0.0000429,>=,0.000030,/300sec
 6 , 226803.969 ,00:42:13,59.86,1990257,-130.122,>=,35.000,7.867930,0.0000385,>=,0.000030,/300sec
 6 , 227104.485 ,00:47:13,59.81,1989936,-126.238,>=,35.000,7.867950,0.0000348,>=,0.000030,/300sec
 6 , 227404.422 ,00:52:13,59.82,1990043,-103.903,>=,35.000,7.867970,0.0000311,>=,0.000030,/300sec
 6 , 227704.531 ,00:57:13,59.83,1990043,-86.424,>=,35.000,7.867990,0.0000271,<,0.000030,/300sec
 7 , 228800.969 ,01:15:30,59.81,2485244,,,,7.832390,,,0.000030,/300sec
 7 , 229101.188 ,01:20:30,59.80,2484817,,,,7.833280,,,0.000030,/300sec
 7 , 229401.406 ,01:25:30,59.82,2484603,,,,7.833920,,,0.000030,/300sec
 7 , 229701.11 ,01:30:30,59.79,2484283,,,,7.834430,,,0.000030,/300sec
 7 , 230001.453 ,01:35:30,59.83,2484176,,,,7.834910,,,0.000030,/300sec
 7 , 230301.281 ,01:40:30,59.81,2484069,,,,7.835290,,,0.000030,/300sec
 7 , 230601.61 ,01:45:31,59.80,2483856,,,,7.835610,,,0.000030,/300sec
 7 , 230901.281 ,01:50:30,59.85,2483856,,,,7.835910,,,0.000030,/300sec
 7 , 231201.25 ,01:55:30,59.83,2483856,,,,7.836150,,,0.000030,/300sec
 7 , 231501.203 ,02:00:30,59.86,2483856,,,,7.836360,,,0.000030,/300sec
 7 , 231801.281 ,02:05:30,59.89,2483856,-129.151,>=,35.000,7.836570,0.0003961,>=,0.000030,/300sec
 7 , 232101.313 ,02:10:30,59.85,2483749,-95.164,>=,35.000,7.836710,0.0003331,>=,0.000030,/300sec
 7 , 232401.188 ,02:15:30,59.88,2483749,-70.887,>=,35.000,7.836850,0.0002857,>=,0.000030,/300sec
 7 , 232701.406 ,02:20:30,59.89,2483856,-43.698,>=,35.000,7.836990,0.0002472,>=,0.000030,/300sec
 7 , 233001.063 ,02:25:30,59.87,2483428,-46.611,>=,35.000,7.837110,0.0002140,>=,0.000030,/300sec
 7 , 233301.235 ,02:30:30,59.91,2483642,-37.871,>=,35.000,7.837210,0.0001872,>=,0.000030,/300sec
 7 , 233601.094 ,02:35:30,59.89,2483428,-39.813,>=,35.000,7.837310,0.0001647,>=,0.000030,/300sec
 7 , 233901.094 ,02:40:30,59.91,2483428,-47.582,>=,35.000,7.837380,0.0001445,>=,0.000030,/300sec
 7 , 234201.328 ,02:45:30,59.94,2483535,-46.611,>=,35.000,7.837460,0.0001283,>=,0.000030,/300sec
 7 , 234501.266 ,02:50:30,59.92,2483428,-47.582,>=,35.000,7.837500,0.0001128,>=,0.000030,/300sec
 7 , 234801.219 ,02:55:30,59.94,2483428,-44.669,>=,35.000,7.837540,0.0000984,>=,0.000030,/300sec
 7 , 235101.313 ,03:00:30,59.96,2483642,-28.161,<,35.000,7.837570,0.0000860,>=,0.000030,/300sec
 7 , 235401.156 ,03:05:30,59.92,2483215,-34.958,<,35.000,7.837640,0.0000754,>=,0.000030,/300sec
 7 , 235701.203 ,03:10:30,59.96,2483428,-27.190,<,35.000,7.837670,0.0000653,>=,0.000030,/300sec
 7 , 236001.516 ,03:15:30,59.97,2483535,-5.826,<,35.000,7.837690,0.0000563,>=,0.000030,/300sec
 7 , 236301.235 ,03:20:30,59.95,2483428,-9.711,<,35.000,7.837700,0.0000479,>=,0.000030,/300sec
 7 , 236601.047 ,03:25:30,60.00,2483428,-1.942,<,35.000,7.837750,0.0000419,>=,0.000030,/300sec
 7 , 236901.016 ,03:30:30,59.99,2483535,0.971,<,35.000,7.837760,0.0000369,>=,0.000030,/300sec
 7 , 237201 ,03:35:30,59.99,2483535,2.913,<,35.000,7.837770,0.0000321,>=,0.000030,/300sec
 7 , 237501.141 ,03:40:30,60.04,2483749,19.421,<,35.000,7.837780,0.0000285,<,0.000030,/300sec
 8 , 238609.047 ,03:58:58,60.12,2979590,,,,7.800560,,,0.000030,/300sec
 8 , 238908.703 ,04:03:58,60.11,2979056,,,,7.801430,,,0.000030,/300sec
 8 , 239208.563 ,04:08:58,60.13,2979163,,,,7.802110,,,0.000030,/300sec
 8 , 239508.969 ,04:13:58,60.10,2978843,,,,7.802630,,,0.000030,/300sec
 8 , 239808.625 ,04:18:58,60.12,2978629,,,,7.803090,,,0.000030,/300sec
 8 , 240108.953 ,04:23:58,60.15,2978843,,,,7.803500,,,0.000030,/300sec
 8 , 240409.125 ,04:28:58,60.12,2978415,,,,7.803820,,,0.000030,/300sec
 8 , 240708.938 ,04:33:58,60.16,2978415,,,,7.804120,,,0.000030,/300sec
 8 , 241009.016 ,04:38:58,60.15,2978309,,,,7.804390,,,0.000030,/300sec
 8 , 241308.735 ,04:43:58,60.11,2977775,,,,7.804620,,,0.000030,/300sec
 8 , 241608.828 ,04:48:58,60.13,2977775,-162.167,>=,35.000,7.804820,0.0004055,>=,0.000030,/300sec
 8 , 241908.797 ,04:53:58,60.10,2977561,-157.311,>=,35.000,7.805030,0.0003457,>=,0.000030,/300sec
 8 , 242209.266 ,04:58:58,60.11,2977454,-167.993,>=,35.000,7.805180,0.0002995,>=,0.000030,/300sec
 8 , 242508.438 ,05:03:57,60.13,2977668,-148.572,>=,35.000,7.805330,0.0002632,>=,0.000030,/300sec
 8 , 242808.75 ,05:08:58,60.08,2977134,-157.311,>=,35.000,7.805430,0.0002305,>=,0.000030,/300sec
 8 , 243108.5 ,05:13:57,60.12,2977134,-162.167,>=,35.000,7.805550,0.0002028,>=,0.000030,/300sec
 8 , 243408.953 ,05:18:58,60.12,2977134,-141.775,>=,35.000,7.805630,0.0001788,>=,0.000030,/300sec
 8 , 243708.453 ,05:23:57,60.10,2976920,-138.861,>=,35.000,7.805710,0.0001565,>=,0.000030,/300sec
 8 , 244008.469 ,05:28:57,60.14,2977134,-112.643,>=,35.000,7.805800,0.0001375,>=,0.000030,/300sec
 8 , 244309.047 ,05:33:58,60.09,2977027,-85.453,>=,35.000,7.805830,0.0001194,>=,0.000030,/300sec
 8 , 244608.625 ,05:38:58,60.12,2976813,-85.453,>=,35.000,7.805900,0.0001038,>=,0.000030,/300sec
 8 , 244908.906 ,05:43:58,60.14,2977027,-67.003,>=,35.000,7.805950,0.0000898,>=,0.000030,/300sec
 8 , 245209.031 ,05:48:58,60.12,2976600,-72.829,>=,35.000,7.806010,0.0000797,>=,0.000030,/300sec
 8 , 245508.75 ,05:53:58,60.15,2976706,-70.887,>=,35.000,7.806040,0.0000703,>=,0.000030,/300sec
 8 , 245808.672 ,05:58:58,60.13,2976600,-55.350,>=,35.000,7.806080,0.0000630,>=,0.000030,/300sec
 8 , 246108.578 ,06:03:58,60.12,2976706,-54.379,>=,35.000,7.806070,0.0000539,>=,0.000030,/300sec
 8 , 246409.203 ,06:08:58,60.15,2976813,-44.669,>=,35.000,7.806100,0.0000469,>=,0.000030,/300sec
 8 , 246708.516 ,06:13:57,60.11,2976493,-46.611,>=,35.000,7.806130,0.0000406,>=,0.000030,/300sec
 8 , 247008.438 ,06:18:57,60.13,2976493,-54.379,>=,35.000,7.806150,0.0000351,>=,0.000030,/300sec
 8 , 247308.453 ,06:23:57,60.14,2976706,-36.900,>=,35.000,7.806150,0.0000305,>=,0.000030,/300sec
 8 , 247608.578 ,06:28:58,60.12,2976279,-40.784,>=,35.000,7.806160,0.0000247,<,0.000030,/300sec
 9 , 248975.719 ,06:51:45,60.14,3471753,,,,7.767410,,,0.000030,/300sec
 9 , 249276.219 ,06:56:45,60.15,3471753,,,,7.768270,,,0.000030,/300sec
 9 , 249576.485 ,07:01:45,60.14,3470517,,,,7.768950,,,0.000030,/300sec
 9 , 249875.969 ,07:06:45,60.10,3470929,,,,7.769450,,,0.000030,/300sec
 9 , 250175.781 ,07:11:45,60.13,3469693,,,,7.769930,,,0.000030,/300sec
 9 , 250475.688 ,07:16:45,60.09,3469693,,,,7.770290,,,0.000030,/300sec
 9 , 250776.156 ,07:21:45,60.10,3469693,,,,7.770610,,,0.000030,/300sec
 9 , 251075.985 ,07:26:45,60.11,3470517,,,,7.770930,,,0.000030,/300sec
 9 , 251376.11 ,07:31:45,60.06,3469281,,,,7.771160,,,0.000030,/300sec
 9 , 251676.047 ,07:36:45,60.09,3468869,,,,7.771430,,,0.000030,/300sec
 9 , 251975.813 ,07:41:45,60.07,3469281,-258.451,>=,135.000,7.771620,0.0003996,>=,0.000030,/300sec
 9 , 252275.688 ,07:46:45,60.05,3468869,-232.232,>=,135.000,7.771760,0.0003379,>=,0.000030,/300sec
 9 , 252575.875 ,07:51:45,60.06,3468869,-179.792,>=,135.000,7.771930,0.0002913,>=,0.000030,/300sec
 9 , 252875.813 ,07:56:45,60.01,3468457,-187.284,>=,135.000,7.772030,0.0002530,>=,0.000030,/300sec
 9 , 253176.125 ,08:01:45,60.03,3468869,-134.844,<,135.000,7.772150,0.0002195,>=,0.000030,/300sec
 9 , 253475.922 ,08:06:45,60.02,3467221,-206.012,>=,135.000,7.772270,0.0001930,>=,0.000030,/300sec
 9 , 253775.938 ,08:11:45,59.98,3468045,-217.249,>=,135.000,7.772340,0.0001681,>=,0.000030,/300sec
 9 , 254076.063 ,08:16:45,60.00,3467633,-232.232,>=,135.000,7.772440,0.0001465,>=,0.000030,/300sec
 9 , 254375.719 ,08:21:45,59.96,3468045,-164.810,>=,135.000,7.772500,0.0001285,>=,0.000030,/300sec
 9 , 254675.906 ,08:26:45,59.98,3467633,-161.064,>=,135.000,7.772550,0.0001111,>=,0.000030,/300sec
 9 , 254975.797 ,08:31:45,60.00,3467221,-183.538,>=,135.000,7.772650,0.0001003,>=,0.000030,/300sec
 9 , 255275.735 ,08:36:45,59.97,3468045,-131.098,<,135.000,7.772670,0.0000896,>=,0.000030,/300sec
 9 , 255575.719 ,08:41:45,60.01,3468045,-89.896,<,135.000,7.772750,0.0000807,>=,0.000030,/300sec
 9 , 255876.094 ,08:46:45,59.98,3467633,-59.931,<,135.000,7.772770,0.0000730,>=,0.000030,/300sec
 9 , 256176.188 ,08:51:45,60.01,3468045,-22.474,<,135.000,7.772800,0.0000645,>=,0.000030,/300sec
 9 , 256476.469 ,08:56:45,60.04,3468045,41.202,<,135.000,7.772860,0.0000582,>=,0.000030,/300sec
 9 , 256775.781 ,09:01:45,60.01,3468045,22.474,<,135.000,7.772840,0.0000511,>=,0.000030,/300sec
 9 , 257076.11 ,09:06:45,60.05,3468457,59.931,<,135.000,7.772880,0.0000445,>=,0.000030,/300sec
 9 , 257375.953 ,09:11:45,60.05,3467633,33.711,<,135.000,7.772890,0.0000388,>=,0.000030,/300sec
 9 , 257676.063 ,09:16:45,60.06,3467633,29.965,<,135.000,7.772900,0.0000328,>=,0.000030,/300sec
 9 , 257976.219 ,09:21:45,60.09,3467633,7.491,<,135.000,7.772940,0.0000277,<,0.000030,/300sec
 10 , 259088.422 ,09:40:17,60.12,3961238,,,,7.732100,,,0.000030,/300sec
 10 , 259388.094 ,09:45:17,60.13,3961238,,,,7.733020,,,0.000030,/300sec
 10 , 259687.938 ,09:50:17,60.10,3960002,,,,7.733720,,,0.000030,/300sec
 10 , 259988.016 ,09:55:17,60.12,3959589,,,,7.734300,,,0.000030,/300sec
 10 , 260288.422 ,10:00:17,60.10,3959589,,,,7.734780,,,0.000030,/300sec
 10 , 260587.86 ,10:05:17,60.09,3959177,,,,7.735210,,,0.000030,/300sec
 10 , 260888.36 ,10:10:17,60.11,3959589,,,,7.735560,,,0.000030,/300sec
 10 , 261187.953 ,10:15:17,60.10,3959177,,,,7.735870,,,0.000030,/300sec
 10 , 261488.391 ,10:20:17,60.13,3959589,,,,7.736140,,,0.000030,/300sec
 10 , 261788.219 ,10:25:17,60.11,3959177,,,,7.736370,,,0.000030,/300sec
 10 , 262088.078 ,10:30:17,60.14,3959589,-168.555,>=,135.000,7.736570,0.0004266,>=,0.000030,/300sec
 10 , 262388.313 ,10:35:17,60.14,3959177,-119.861,<,135.000,7.736720,0.0003590,>=,0.000030,/300sec
 10 , 262688.188 ,10:40:17,60.14,3959589,-33.711,<,135.000,7.736880,0.0003068,>=,0.000030,/300sec
 10 , 262988.063 ,10:45:17,60.16,3959177,-18.728,<,135.000,7.736990,0.0002627,>=,0.000030,/300sec
 10 , 263287.985 ,10:50:17,60.15,3959177,-18.728,<,135.000,7.737100,0.0002255,>=,0.000030,/300sec
 10 , 263588.156 ,10:55:17,60.17,3959589,3.746,<,135.000,7.737220,0.0001945,>=,0.000030,/300sec
 10 , 263888.328 ,11:00:17,60.14,3959589,3.746,<,135.000,7.737300,0.0001685,>=,0.000030,/300sec
 10 , 264187.891 ,11:05:17,60.14,3958353,-33.711,<,135.000,7.737360,0.0001452,>=,0.000030,/300sec
 10 , 264488.547 ,11:10:17,60.15,3958765,-63.676,<,135.000,7.737430,0.0001256,>=,0.000030,/300sec
 10 , 264788.531 ,11:15:17,60.11,3958353,-86.150,<,135.000,7.737470,0.0001085,>=,0.000030,/300sec
 10 , 265088.016 ,11:20:17,60.14,3958765,-101.133,<,135.000,7.737570,0.0000963,>=,0.000030,/300sec
 10 , 265387.891 ,11:25:17,60.11,3958765,-89.896,<,135.000,7.737590,0.0000850,>=,0.000030,/300sec
 10 , 265688.188 ,11:30:17,60.11,3958353,-112.370,<,135.000,7.737620,0.0000740,>=,0.000030,/300sec
 10 , 265988.281 ,11:35:17,60.11,3957941,-123.607,<,135.000,7.737690,0.0000667,>=,0.000030,/300sec
 10 , 266288.235 ,11:40:17,60.09,3957529,-161.064,>=,135.000,7.737770,0.0000617,>=,0.000030,/300sec
 10 , 266588.313 ,11:45:17,60.10,3957941,-164.810,>=,135.000,7.737740,0.0000543,>=,0.000030,/300sec
 10 , 266888.063 ,11:50:17,60.07,3957529,-153.572,>=,135.000,7.737720,0.0000466,>=,0.000030,/300sec
 10 , 267188.36 ,11:55:17,60.08,3957529,-123.607,<,135.000,7.737760,0.0000406,>=,0.000030,/300sec
 10 , 267488.438 ,12:00:17,60.06,3957529,-142.335,>=,135.000,7.737800,0.0000355,>=,0.000030,/300sec
 10 , 267788.61 ,12:05:18,60.08,3957941,-112.370,<,135.000,7.737800,0.0000303,>=,0.000030,/300sec
 10 , 268088.531 ,12:10:17,60.06,3957117,-134.844,<,135.000,7.737810,0.0000243,<,0.000030,/300sec
 11 , 269231.141 ,12:29:20,60.14,4452782,,,,7.694630,,,0.000030,/300sec
 11 , 269531 ,12:34:20,60.11,4452370,,,,7.695600,,,0.000030,/300sec
 11 , 269831.016 ,12:39:20,60.14,4451958,,,,7.696290,,,0.000030,/300sec
 11 , 270131.453 ,12:44:20,60.10,4451546,,,,7.696880,,,0.000030,/300sec
 11 , 270431.25 ,12:49:20,60.12,4451958,,,,7.697340,,,0.000030,/300sec
 11 , 270731.281 ,12:54:20,60.11,4451134,,,,7.697780,,,0.000030,/300sec
 11 , 271031.563 ,12:59:21,60.12,4451134,,,,7.698160,,,0.000030,/300sec
 11 , 271330.891 ,13:04:20,60.12,4450722,,,,7.698490,,,0.000030,/300sec
 11 , 271631.391 ,13:09:20,60.12,4450722,,,,7.698790,,,0.000030,/300sec
 11 , 271931.094 ,13:14:20,60.14,4451134,,,,7.698980,,,0.000030,/300sec
 11 , 272231.172 ,13:19:20,60.14,4450722,-194.775,>=,135.000,7.699190,0.0004351,>=,0.000030,/300sec
 11 , 272531.11 ,13:24:20,60.15,4451134,-138.590,>=,135.000,7.699360,0.0003665,>=,0.000030,/300sec
 11 , 272831.203 ,13:29:20,60.14,4451134,-89.896,<,135.000,7.699480,0.0003132,>=,0.000030,/300sec
 11 , 273131.25 ,13:34:20,60.15,4451546,-33.711,<,135.000,7.699630,0.0002691,>=,0.000030,/300sec
 11 , 273431.156 ,13:39:20,60.14,4451134,-14.983,<,135.000,7.699760,0.0002327,>=,0.000030,/300sec
 11 , 273731.531 ,13:44:20,60.16,4451134,29.965,<,135.000,7.699850,0.0001994,>=,0.000030,/300sec
 11 , 274031.188 ,13:49:20,60.14,4451134,37.457,<,135.000,7.699920,0.0001704,>=,0.000030,/300sec
 11 , 274330.891 ,13:54:20,60.15,4450722,26.220,<,135.000,7.700020,0.0001472,>=,0.000030,/300sec
 11 , 274631.031 ,13:59:20,60.13,4451134,14.983,<,135.000,7.700080,0.0001278,>=,0.000030,/300sec
 11 , 274931.547 ,14:04:20,60.16,4450722,-18.728,<,135.000,7.700160,0.0001140,>=,0.000030,/300sec
 11 , 275231.563 ,14:09:21,60.15,4451134,-11.237,<,135.000,7.700190,0.0000995,>=,0.000030,/300sec
 11 , 275531.703 ,14:14:21,60.18,4451134,-26.220,<,135.000,7.700250,0.0000881,>=,0.000030,/300sec
 11 , 275831.141 ,14:19:20,60.17,4450310,-59.931,<,135.000,7.700280,0.0000777,>=,0.000030,/300sec
 11 , 276131.25 ,14:24:20,60.17,4450722,-67.422,<,135.000,7.700290,0.0000660,>=,0.000030,/300sec
 11 , 276431.469 ,14:29:20,60.16,4450310,-67.422,<,135.000,7.700310,0.0000560,>=,0.000030,/300sec
 11 , 276731.172 ,14:34:20,60.16,4450310,-78.659,<,135.000,7.700350,0.0000487,>=,0.000030,/300sec
 11 , 277031.328 ,14:39:20,60.15,4449898,-101.133,<,135.000,7.700360,0.0000415,>=,0.000030,/300sec
 11 , 277331.047 ,14:44:20,60.13,4450310,-93.642,<,135.000,7.700360,0.0000334,>=,0.000030,/300sec
 11 , 277631.453 ,14:49:20,60.13,4449898,-119.861,<,135.000,7.700410,0.0000290,<,0.000030,/300sec
 12 , 278873.172 ,15:10:02,60.15,4945974,,,,7.654720,,,0.000030,/300sec
 12 , 279172.844 ,15:15:02,60.10,4944738,,,,7.655630,,,0.000030,/300sec
 12 , 279472.985 ,15:20:02,60.11,4944326,,,,7.656400,,,0.000030,/300sec
 12 , 279773.203 ,15:25:02,60.08,4943090,,,,7.656980,,,0.000030,/300sec
 12 , 280072.906 ,15:30:02,60.10,4943090,,,,7.657540,,,0.000030,/300sec
 12 , 280372.875 ,15:35:02,60.06,4942678,,,,7.657960,,,0.000030,/300sec
 12 , 280672.906 ,15:40:02,60.07,4941854,,,,7.658390,,,0.000030,/300sec
 12 , 280973.328 ,15:45:02,60.05,4941442,,,,7.658660,,,0.000030,/300sec
 12 , 281273.016 ,15:50:02,60.03,4940618,,,,7.658970,,,0.000030,/300sec
 12 , 281572.86 ,15:55:02,60.04,4940618,,,,7.659230,,,0.000030,/300sec
 12 , 281872.938 ,16:00:02,60.01,4940206,-554.359,>=,135.000,7.659450,0.0004543,>=,0.000030,/300sec
 12 , 282172.891 ,16:05:02,60.01,4940618,-460.717,>=,135.000,7.659600,0.0003851,>=,0.000030,/300sec
 12 , 282473.016 ,16:10:02,59.98,4938970,-460.717,>=,135.000,7.659810,0.0003307,>=,0.000030,/300sec
 12 , 282773.156 ,16:15:02,59.99,4939382,-412.024,>=,135.000,7.659970,0.0002876,>=,0.000030,/300sec
 12 , 283073.078 ,16:20:02,59.97,4939382,-385.804,>=,135.000,7.660090,0.0002492,>=,0.000030,/300sec
 12 , 283372.766 ,16:25:02,59.98,4939794,-307.145,>=,135.000,7.660190,0.0002175,>=,0.000030,/300sec
 12 , 283673.047 ,16:30:02,59.99,4939794,-220.995,>=,135.000,7.660290,0.0001893,>=,0.000030,/300sec
 12 , 283973.219 ,16:35:02,59.97,4939382,-172.301,>=,135.000,7.660380,0.0001674,>=,0.000030,/300sec
 12 , 284273.25 ,16:40:02,59.99,4938970,-142.335,>=,135.000,7.660470,0.0001462,>=,0.000030,/300sec
 12 , 284572.828 ,16:45:02,59.97,4938970,-134.844,<,135.000,7.660510,0.0001273,>=,0.000030,/300sec
 12 , 284873.047 ,16:50:02,59.99,4939382,-93.642,<,135.000,7.660540,0.0001099,>=,0.000030,/300sec
 12 , 285173.141 ,16:55:02,59.94,4937734,-138.590,>=,135.000,7.660630,0.0000967,>=,0.000030,/300sec
 12 , 285472.906 ,17:00:02,59.96,4939382,-63.676,<,135.000,7.660640,0.0000815,>=,0.000030,/300sec
 12 , 285772.75 ,17:05:02,59.94,4938558,-104.879,<,135.000,7.660710,0.0000714,>=,0.000030,/300sec
 12 , 286072.719 ,17:10:02,59.96,4938558,-119.861,<,135.000,7.660710,0.0000618,>=,0.000030,/300sec
 12 , 286373.36 ,17:15:02,59.95,4938970,-108.624,<,135.000,7.660740,0.0000535,>=,0.000030,/300sec
 12 , 286673.016 ,17:20:02,59.96,4938558,-89.896,<,135.000,7.660770,0.0000460,>=,0.000030,/300sec
 12 , 286973.281 ,17:25:02,59.94,4938146,-78.659,<,135.000,7.660840,0.0000419,>=,0.000030,/300sec
 12 , 287273.281 ,17:30:02,59.94,4937322,-112.370,<,135.000,7.660850,0.0000382,>=,0.000030,/300sec
 12 , 287572.766 ,17:35:02,59.96,4938558,-93.642,<,135.000,7.660870,0.0000360,>=,0.000030,/300sec
 12 , 287873.063 ,17:40:02,59.94,4936910,-146.081,>=,135.000,7.660920,0.0000346,>=,0.000030,/300sec
 12 , 288173.031 ,17:45:02,59.97,4937322,-138.590,>=,135.000,7.660960,0.0000330,>=,0.000030,/300sec
 12 , 288472.813 ,17:50:02,59.95,4938146,-164.810,>=,135.000,7.660900,0.0000297,<,0.000030,/300sec
 13 , 291744.328 ,18:44:33,59.96,5339045,,,,7.624650,,,0.000030,/300sec
 13 , 292044.156 ,18:49:33,59.98,5338633,,,,7.624900,,,0.000030,/300sec
 13 , 292344.438 ,18:54:33,59.95,5338221,,,,7.625110,,,0.000030,/300sec
 13 , 292643.922 ,18:59:33,59.97,5339045,,,,7.625260,,,0.000030,/300sec
 13 , 292944.219 ,19:04:33,59.95,5338633,,,,7.625380,,,0.000030,/300sec
 13 , 293244.375 ,19:09:33,59.97,5338221,,,,7.625530,,,0.000030,/300sec
 13 , 293544.344 ,19:14:33,59.95,5338221,,,,7.625660,,,0.000030,/300sec
 13 , 293844.391 ,19:19:33,59.97,5339045,,,,7.625750,,,0.000030,/300sec
 13 , 294144.047 ,19:24:33,59.95,5337809,,,,7.625920,,,0.000030,/300sec
 13 , 294444.266 ,19:29:33,59.96,5337809,,,,7.625990,,,0.000030,/300sec
 13 , 294744.344 ,19:34:33,59.95,5337809,-101.133,<,135.000,7.626070,0.0001377,>=,0.000030,/300sec
 13 , 295044.235 ,19:39:33,59.97,5337397,-112.370,<,135.000,7.626100,0.0001212,>=,0.000030,/300sec
 13 , 295344.156 ,19:44:33,59.95,5337397,-131.098,<,135.000,7.626210,0.0001101,>=,0.000030,/300sec
 13 , 295644.516 ,19:49:33,59.96,5336573,-198.521,>=,135.000,7.626310,0.0001031,>=,0.000030,/300sec
 13 , 295943.891 ,19:54:33,59.96,5336985,-187.284,>=,135.000,7.626360,0.0000956,>=,0.000030,/300sec
 13 , 296244.141 ,19:59:33,59.96,5336573,-198.521,>=,135.000,7.626380,0.0000856,>=,0.000030,/300sec
 13 , 296544.141 ,20:04:33,59.97,5336985,-194.775,>=,135.000,7.626400,0.0000756,>=,0.000030,/300sec
 13 , 296844.141 ,20:09:33,59.95,5336573,-198.521,>=,135.000,7.626420,0.0000657,>=,0.000030,/300sec
 13 , 297144.172 ,20:14:33,59.97,5336573,-142.335,>=,135.000,7.626430,0.0000543,>=,0.000030,/300sec
 13 , 297444.344 ,20:19:33,59.94,5335749,-168.555,>=,135.000,7.626490,0.0000486,>=,0.000030,/300sec
 13 , 297744.078 ,20:24:33,59.96,5336161,-157.318,>=,135.000,7.626520,0.0000430,>=,0.000030,/300sec
 13 , 298043.985 ,20:29:33,59.94,5336161,-131.098,<,135.000,7.626560,0.0000387,>=,0.000030,/300sec
 13 , 298344 ,20:34:33,59.95,5335337,-149.827,>=,135.000,7.626600,0.0000335,>=,0.000030,/300sec
 13 , 298644.094 ,20:39:33,59.95,5335749,-131.098,<,135.000,7.626620,0.0000305,>=,0.000030,/300sec
 13 , 298944.328 ,20:44:33,59.94,5335749,-142.335,>=,135.000,7.626570,0.0000271,<,0.000030,/300sec
 14 , 299787.235 ,20:58:36,59.82,4599050,,,,7.697300,,,0.000030,/300sec
 14 , 300087.141 ,21:03:36,59.87,4599874,,,,7.695520,,,0.000030,/300sec
 14 , 300386.969 ,21:08:36,59.91,4599874,,,,7.694240,,,0.000030,/300sec
 14 , 300686.891 ,21:13:36,59.90,4600698,,,,7.693210,,,0.000030,/300sec
 14 , 300987.031 ,21:18:36,59.91,4601110,,,,7.692320,,,0.000030,/300sec
 14 , 301286.688 ,21:23:36,59.91,4601935,,,,7.691650,,,0.000030,/300sec
 14 , 301586.985 ,21:28:36,59.89,4600698,,,,7.691130,,,0.000030,/300sec
 14 , 301887.156 ,21:33:36,59.91,4601523,,,,7.690700,,,0.000030,/300sec
 14 , 302187.266 ,21:38:36,59.87,4599874,,,,7.690340,,,0.000030,/300sec
 14 , 302486.688 ,21:43:36,59.88,4600698,,,,7.690030,,,0.000030,/300sec
 14 , 302787.375 ,21:48:36,59.84,4599874,78.659,<,135.000,7.689780,-0.0007043,>=,0.000030,/300sec
 14 , 303087.141 ,21:53:36,59.85,4599874,-26.220,<,135.000,7.689560,-0.0005645,>=,0.000030,/300sec
 14 , 303386.735 ,21:58:36,59.86,4600286,-74.913,<,135.000,7.689370,-0.0004600,>=,0.000030,/300sec
 14 , 303687.188 ,22:03:36,59.83,4599874,-146.081,>=,135.000,7.689240,-0.0003754,>=,0.000030,/300sec
 14 , 303987.031 ,22:08:36,59.85,4599874,-172.301,>=,135.000,7.689110,-0.0003074,>=,0.000030,/300sec
 14 , 304286.688 ,22:13:36,59.82,4599462,-187.284,>=,135.000,7.688960,-0.0002575,>=,0.000030,/300sec
 14 , 304587.031 ,22:18:36,59.85,4599874,-123.607,<,135.000,7.688870,-0.0002176,>=,0.000030,/300sec
 14 , 304886.938 ,22:23:36,59.85,4599462,-127.353,<,135.000,7.688780,-0.0001850,>=,0.000030,/300sec
 14 , 305187.11 ,22:28:36,59.84,4599462,-74.913,<,135.000,7.688720,-0.0001572,>=,0.000030,/300sec
 14 , 305486.86 ,22:33:36,59.86,4599874,-74.913,<,135.000,7.688630,-0.0001351,>=,0.000030,/300sec
 14 , 305787.141 ,22:38:36,59.84,4599462,-48.694,<,135.000,7.688580,-0.0001166,>=,0.000030,/300sec
 14 , 306087.125 ,22:43:36,59.88,4600286,-18.728,<,135.000,7.688540,-0.0001005,>=,0.000030,/300sec
 14 , 306386.672 ,22:48:36,59.85,4599462,-29.965,<,135.000,7.688460,-0.0000886,>=,0.000030,/300sec
 14 , 306686.656 ,22:53:36,59.87,4599874,3.746,<,135.000,7.688460,-0.0000772,>=,0.000030,/300sec
 14 , 306987.016 ,22:58:36,59.87,4600286,37.457,<,135.000,7.688400,-0.0000673,>=,0.000030,/300sec
 14 , 307286.797 ,23:03:36,59.86,4598638,-7.491,<,135.000,7.688420,-0.0000559,>=,0.000030,/300sec
 14 , 307587.375 ,23:08:36,59.88,4599874,-7.491,<,135.000,7.688370,-0.0000487,>=,0.000030,/300sec
 14 , 307886.766 ,23:13:36,59.85,4599874,11.237,<,135.000,7.688280,-0.0000452,>=,0.000030,/300sec
 14 , 308186.719 ,23:18:36,59.88,4599874,7.491,<,135.000,7.688260,-0.0000421,>=,0.000030,/300sec
 14 , 308487.094 ,23:23:36,59.85,4599874,0.000,<,135.000,7.688230,-0.0000389,>=,0.000030,/300sec
 14 , 308787.156 ,23:28:36,59.88,4599874,11.237,<,135.000,7.688210,-0.0000371,>=,0.000030,/300sec
 14 , 309086.641 ,23:33:36,59.87,4599874,0.000,<,135.000,7.688200,-0.0000346,>=,0.000030,/300sec
 14 , 309386.953 ,23:38:36,59.88,4599462,11.237,<,135.000,7.688200,-0.0000309,>=,0.000030,/300sec
 14 , 309686.625 ,23:43:36,59.90,4600286,22.474,<,135.000,7.688170,-0.0000298,<,0.000030,/300sec
 15 , 310546.125 ,23:57:55,59.77,3859880,,,,7.753500,,,0.000030,/300sec
 15 , 310845.797 ,00:02:55,59.86,3860292,,,,7.751900,,,0.000030,/300sec
 15 , 311145.61 ,00:07:55,59.90,3861528,,,,7.750610,,,0.000030,/300sec
 15 , 311446.141 ,00:12:55,59.85,3861116,,,,7.749490,,,0.000030,/300sec
 15 , 311746.047 ,00:17:55,59.88,3861940,,,,7.748620,,,0.000030,/300sec
 15 , 312045.766 ,00:22:55,59.87,3862352,,,,7.747910,,,0.000030,/300sec
 15 , 312346.125 ,00:27:55,59.91,3861528,,,,7.747390,,,0.000030,/300sec
 15 , 312645.969 ,00:32:55,59.93,3862352,,,,7.746850,,,0.000030,/300sec
 15 , 312945.766 ,00:37:55,59.92,3862764,,,,7.746440,,,0.000030,/300sec
 15 , 313246.203 ,00:42:55,59.96,3863176,,,,7.746100,,,0.000030,/300sec
 15 , 313546.172 ,00:47:55,59.95,3863176,307.145,>=,135.000,7.745770,-0.0007352,>=,0.000030,/300sec
 15 , 313846.016 ,00:52:55,59.99,3863588,280.925,>=,135.000,7.745560,-0.0006059,>=,0.000030,/300sec
 15 , 314146.11 ,00:57:55,60.02,3864000,262.197,>=,135.000,7.745310,-0.0005031,>=,0.000030,/300sec
 15 , 314445.641 ,01:02:55,59.99,3864000,277.180,>=,135.000,7.745140,-0.0004185,>=,0.000030,/300sec
 15 , 314745.766 ,01:07:55,60.02,3864000,247.214,>=,135.000,7.744970,-0.0003529,>=,0.000030,/300sec
 15 , 315045.781 ,01:12:55,59.99,3863588,217.249,>=,135.000,7.744820,-0.0003005,>=,0.000030,/300sec
 15 , 315345.531 ,01:17:54,60.00,3864000,213.503,>=,135.000,7.744720,-0.0002569,>=,0.000030,/300sec
 15 , 315645.531 ,01:22:54,60.03,3863588,131.098,<,135.000,7.744640,-0.0002163,>=,0.000030,/300sec
 15 , 315945.531 ,01:27:54,59.98,3862764,37.457,<,135.000,7.744500,-0.0001865,>=,0.000030,/300sec
 15 , 316245.563 ,01:32:55,60.00,3863588,0.000,<,135.000,7.744440,-0.0001604,>=,0.000030,/300sec
 15 , 316546.063 ,01:37:55,59.98,3864412,14.983,<,135.000,7.744350,-0.0001387,>=,0.000030,/300sec
 15 , 316845.828 ,01:42:55,59.99,3863176,-37.457,<,135.000,7.744320,-0.0001205,>=,0.000030,/300sec
 15 , 317145.719 ,01:47:55,60.00,3863588,-48.694,<,135.000,7.744280,-0.0001025,>=,0.000030,/300sec
 15 , 317446.219 ,01:52:55,59.97,3862764,-74.913,<,135.000,7.744230,-0.0000886,>=,0.000030,/300sec
 15 , 317745.797 ,01:57:55,59.99,3862764,-89.896,<,135.000,7.744190,-0.0000761,>=,0.000030,/300sec
 15 , 318046.141 ,02:02:55,59.95,3863176,-74.913,<,135.000,7.744140,-0.0000665,>=,0.000030,/300sec
 15 , 318346.188 ,02:07:55,59.98,3863176,-74.913,<,135.000,7.744140,-0.0000575,>=,0.000030,/300sec
 15 , 318646.047 ,02:12:55,59.95,3862352,-86.150,<,135.000,7.744140,-0.0000477,>=,0.000030,/300sec
 15 , 318946.063 ,02:17:55,59.97,3862764,-86.150,<,135.000,7.744100,-0.0000389,>=,0.000030,/300sec
 15 , 319245.672 ,02:22:55,59.99,3863176,-104.879,<,135.000,7.744070,-0.0000342,>=,0.000030,/300sec
 15 , 319545.688 ,02:27:55,59.97,3863176,-82.405,<,135.000,7.744040,-0.0000302,>=,0.000030,/300sec
 15 , 319845.75 ,02:32:55,60.01,3863588,7.491,<,135.000,7.744040,-0.0000275,<,0.000030,/300sec
 16 , 320722.031 ,02:47:31,59.88,3119520,,,,7.804480,,,0.000030,/300sec
 16 , 321021.969 ,02:52:31,59.94,3120695,,,,7.802940,,,0.000030,/300sec
 16 , 321322.422 ,02:57:31,59.98,3121229,,,,7.801720,,,0.000030,/300sec
 16 , 321622.016 ,03:02:31,60.01,3121549,,,,7.800790,,,0.000030,/300sec
 16 , 321922.235 ,03:07:31,59.99,3121443,,,,7.800010,,,0.000030,/300sec
 16 , 322222.047 ,03:12:31,60.02,3121656,,,,7.799330,,,0.000030,/300sec
 16 , 322522 ,03:17:31,60.04,3122084,,,,7.798720,,,0.000030,/300sec
 16 , 322822.375 ,03:22:31,60.01,3122297,,,,7.798190,,,0.000030,/300sec
 16 , 323122.203 ,03:27:31,60.05,3122618,,,,7.797800,,,0.000030,/300sec
 16 , 323422.094 ,03:32:31,60.04,3122618,,,,7.797470,,,0.000030,/300sec
 16 , 323722.078 ,03:37:31,60.05,3122511,263.157,>=,35.000,7.797170,-0.0006971,>=,0.000030,/300sec
 16 , 324022.422 ,03:42:31,60.06,3122831,200.038,>=,35.000,7.796900,-0.0005811,>=,0.000030,/300sec
 16 , 324322.125 ,03:47:31,60.02,3122511,156.340,>=,35.000,7.796700,-0.0004893,>=,0.000030,/300sec
 16 , 324621.953 ,03:52:31,60.05,3122724,134.977,>=,35.000,7.796510,-0.0004159,>=,0.000030,/300sec
 16 , 324922.235 ,03:57:31,60.07,3122938,127.209,>=,35.000,7.796330,-0.0003541,>=,0.000030,/300sec
 16 , 325222.391 ,04:02:31,60.02,3122618,86.424,>=,35.000,7.796210,-0.0002997,>=,0.000030,/300sec
 16 , 325522.235 ,04:07:31,60.05,3122618,46.611,>=,35.000,7.796110,-0.0002525,>=,0.000030,/300sec
 16 , 325822.313 ,04:12:31,60.06,3122831,31.074,<,35.000,7.795980,-0.0002151,>=,0.000030,/300sec
 16 , 326122.391 ,04:17:31,60.05,3122618,10.682,<,35.000,7.795910,-0.0001849,>=,0.000030,/300sec
 16 , 326422.156 ,04:22:31,60.07,3122724,9.711,<,35.000,7.795830,-0.0001589,>=,0.000030,/300sec
 16 , 326722.344 ,04:27:31,60.04,3123045,22.334,<,35.000,7.795710,-0.0001385,>=,0.000030,/300sec
 16 , 327022 ,04:32:31,60.05,3122831,15.537,<,35.000,7.795660,-0.0001206,>=,0.000030,/300sec
 16 , 327322.188 ,04:37:31,60.07,3123152,37.871,>=,35.000,7.795600,-0.0001065,>=,0.000030,/300sec
 16 , 327622.703 ,04:42:32,60.04,3122831,25.248,<,35.000,7.795550,-0.0000938,>=,0.000030,/300sec
 16 , 327922.656 ,04:47:32,60.07,3122831,21.363,<,35.000,7.795500,-0.0000833,>=,0.000030,/300sec
 16 , 328222.125 ,04:52:31,60.08,3123259,47.582,>=,35.000,7.795450,-0.0000756,>=,0.000030,/300sec
 16 , 328522.625 ,04:57:32,60.04,3122618,24.276,<,35.000,7.795440,-0.0000670,>=,0.000030,/300sec
 16 , 328822.391 ,05:02:31,60.06,3122724,5.826,<,35.000,7.795410,-0.0000582,>=,0.000030,/300sec
 16 , 329122.031 ,05:07:31,60.09,3123259,22.334,<,35.000,7.795350,-0.0000528,>=,0.000030,/300sec
 16 , 329422.125 ,05:12:31,60.04,3122618,-5.826,<,35.000,7.795340,-0.0000460,>=,0.000030,/300sec
 16 , 329722.031 ,05:17:31,60.06,3122938,-13.595,<,35.000,7.795300,-0.0000402,>=,0.000030,/300sec
 16 , 330022.094 ,05:22:31,60.07,3123045,-0.971,<,35.000,7.795280,-0.0000370,>=,0.000030,/300sec
 16 , 330322.547 ,05:27:31,60.02,3122618,-19.421,<,35.000,7.795270,-0.0000331,>=,0.000030,/300sec
 16 , 330622.688 ,05:32:32,60.04,3122511,-23.305,<,35.000,7.795260,-0.0000294,<,0.000030,/300sec
 17 , 331544.094 ,05:47:53,59.84,2376291,,,,7.851470,,,0.000030,/300sec
 17 , 331843.656 ,05:52:53,59.93,2376825,,,,7.850130,,,0.000030,/300sec
 17 , 332143.719 ,05:57:53,59.93,2377146,,,,7.849070,,,0.000030,/300sec
 17 , 332443.625 ,06:02:53,59.97,2377894,,,,7.848200,,,0.000030,/300sec
 17 , 332743.938 ,06:07:53,59.94,2377573,,,,7.847520,,,0.000030,/300sec
 17 , 333043.703 ,06:12:53,59.96,2377894,,,,7.846890,,,0.000030,/300sec
 17 , 333344.047 ,06:17:53,59.98,2378107,,,,7.846350,,,0.000030,/300sec
 17 , 333643.703 ,06:22:53,59.93,2378321,,,,7.845860,,,0.000030,/300sec
 17 , 333943.719 ,06:27:53,59.95,2378321,,,,7.845490,,,0.000030,/300sec
 17 , 334243.656 ,06:32:53,59.98,2378107,,,,7.845190,,,0.000030,/300sec
 17 , 334544.031 ,06:37:53,59.93,2378321,183.530,>=,35.000,7.844860,-0.0006309,>=,0.000030,/300sec
 17 , 334844.375 ,06:42:53,59.96,2378321,134.006,>=,35.000,7.844600,-0.0005328,>=,0.000030,/300sec
 17 , 335144.094 ,06:47:53,59.98,2378748,114.585,>=,35.000,7.844380,-0.0004554,>=,0.000030,/300sec
 17 , 335443.735 ,06:52:53,59.92,2378428,80.598,>=,35.000,7.844140,-0.0003944,>=,0.000030,/300sec
 17 , 335744.047 ,06:57:53,59.95,2378535,80.598,>=,35.000,7.843990,-0.0003428,>=,0.000030,/300sec
 17 , 336043.766 ,07:02:53,59.96,2378641,62.148,>=,35.000,7.843840,-0.0002969,>=,0.000030,/300sec
 17 , 336343.938 ,07:07:53,59.93,2378535,46.611,>=,35.000,7.843700,-0.0002583,>=,0.000030,/300sec
 17 , 336643.61 ,07:12:53,59.95,2378641,41.756,>=,35.000,7.843610,-0.0002242,>=,0.000030,/300sec
 17 , 336943.719 ,07:17:53,59.96,2378641,43.698,>=,35.000,7.843500,-0.0001969,>=,0.000030,/300sec
 17 , 337244.047 ,07:22:53,59.91,2378428,33.016,<,35.000,7.843390,-0.0001734,>=,0.000030,/300sec
 17 , 337543.906 ,07:27:53,59.94,2378428,9.711,<,35.000,7.843330,-0.0001498,>=,0.000030,/300sec
 17 , 337843.766 ,07:32:53,59.95,2378641,4.855,<,35.000,7.843250,-0.0001310,>=,0.000030,/300sec
 17 , 338143.781 ,07:37:53,59.91,2378535,-7.768,<,35.000,7.843160,-0.0001158,>=,0.000030,/300sec
 17 , 338443.797 ,07:42:53,59.94,2378535,0.971,<,35.000,7.843140,-0.0001005,>=,0.000030,/300sec
 17 , 338743.813 ,07:47:53,59.94,2378535,-5.826,<,35.000,7.843100,-0.0000887,>=,0.000030,/300sec
 17 , 339043.578 ,07:52:53,59.92,2378428,-12.624,<,35.000,7.843060,-0.0000775,>=,0.000030,/300sec
 17 , 339343.844 ,07:57:53,59.95,2378641,-2.913,<,35.000,7.843010,-0.0000684,>=,0.000030,/300sec
 17 , 339644.172 ,08:02:53,59.90,2378321,-13.595,<,35.000,7.842960,-0.0000615,>=,0.000030,/300sec
 17 , 339944.281 ,08:07:53,59.94,2378641,-1.942,<,35.000,7.842930,-0.0000543,>=,0.000030,/300sec
 17 , 340243.938 ,08:12:53,59.95,2378641,9.711,<,35.000,7.842910,-0.0000477,>=,0.000030,/300sec
 17 , 340543.985 ,08:17:53,59.91,2378428,0.000,<,35.000,7.842860,-0.0000441,>=,0.000030,/300sec
 17 , 340844.078 ,08:22:53,59.94,2378428,-9.711,<,35.000,7.842860,-0.0000389,>=,0.000030,/300sec
 17 , 341143.797 ,08:27:53,59.93,2378535,-2.913,<,35.000,7.842860,-0.0000338,>=,0.000030,/300sec
 17 , 341443.86 ,08:32:53,59.90,2378214,-15.537,<,35.000,7.842830,-0.0000315,>=,0.000030,/300sec
 17 , 341743.656 ,08:37:53,59.92,2378428,-15.537,<,35.000,7.842810,-0.0000281,<,0.000030,/300sec
 18 , 342762.031 ,08:54:51,59.69,1629858,,,,7.895160,,,0.000030,/300sec
 18 , 343061.406 ,08:59:50,59.79,1630286,,,,7.893960,,,0.000030,/300sec
 18 , 343361.766 ,09:04:51,59.84,1630713,,,,7.893030,,,0.000030,/300sec
 18 , 343661.953 ,09:09:51,59.82,1630927,,,,7.892230,,,0.000030,/300sec
 18 , 343961.656 ,09:14:51,59.88,1631247,,,,7.891600,,,0.000030,/300sec
 18 , 344261.75 ,09:19:51,59.86,1631461,,,,7.891040,,,0.000030,/300sec
 18 , 344561.641 ,09:24:51,59.88,1631567,,,,7.890530,,,0.000030,/300sec
 18 , 344861.594 ,09:29:51,59.90,1631888,,,,7.890090,,,0.000030,/300sec
 18 , 345161.61 ,09:34:51,59.86,1631781,,,,7.889720,,,0.000030,/300sec
 18 , 345461.703 ,09:39:51,59.90,1631995,,,,7.889400,,,0.000030,/300sec
 18 , 345761.985 ,09:44:51,59.87,1632102,213.633,>=,35.000,7.889100,-0.0005802,>=,0.000030,/300sec
 18 , 346061.735 ,09:49:51,59.89,1632102,175.762,>=,35.000,7.888850,-0.0004952,>=,0.000030,/300sec
 18 , 346362.281 ,09:54:51,59.91,1632208,145.659,>=,35.000,7.888630,-0.0004283,>=,0.000030,/300sec
 18 , 346661.781 ,09:59:51,59.87,1632208,121.382,>=,35.000,7.888410,-0.0003736,>=,0.000030,/300sec
 18 , 346961.625 ,10:04:51,59.91,1632315,100.019,>=,35.000,7.888240,-0.0003284,>=,0.000030,/300sec
 18 , 347261.875 ,10:09:51,59.88,1632315,83.511,>=,35.000,7.888110,-0.0002871,>=,0.000030,/300sec
 18 , 347561.969 ,10:14:51,59.89,1632422,73.800,>=,35.000,7.887950,-0.0002519,>=,0.000030,/300sec
 18 , 347861.578 ,10:19:51,59.90,1632422,61.177,>=,35.000,7.887860,-0.0002205,>=,0.000030,/300sec
 18 , 348161.391 ,10:24:50,59.87,1632422,58.263,>=,35.000,7.887720,-0.0001953,>=,0.000030,/300sec
 18 , 348461.641 ,10:29:51,59.91,1632422,44.669,>=,35.000,7.887660,-0.0001714,>=,0.000030,/300sec
 18 , 348762.047 ,10:34:51,59.86,1632529,41.756,>=,35.000,7.887550,-0.0001512,>=,0.000030,/300sec
 18 , 349061.625 ,10:39:51,59.90,1632529,39.813,>=,35.000,7.887490,-0.0001333,>=,0.000030,/300sec
 18 , 349362.156 ,10:44:51,59.89,1632636,38.842,>=,35.000,7.887410,-0.0001180,>=,0.000030,/300sec
 18 , 349661.828 ,10:49:51,59.86,1632529,33.987,<,35.000,7.887350,-0.0001044,>=,0.000030,/300sec
 18 , 349961.5 ,10:54:50,59.88,1632529,26.219,<,35.000,7.887300,-0.0000934,>=,0.000030,/300sec
 18 , 350261.672 ,10:59:51,59.83,1632422,16.508,<,35.000,7.887220,-0.0000852,>=,0.000030,/300sec
 18 , 350561.781 ,11:04:51,59.85,1632422,5.826,<,35.000,7.887200,-0.0000757,>=,0.000030,/300sec
 18 , 350861.813 ,11:09:51,59.82,1632315,-4.855,<,35.000,7.887140,-0.0000695,>=,0.000030,/300sec
 18 , 351161.781 ,11:14:51,59.82,1632529,-4.855,<,35.000,7.887120,-0.0000616,>=,0.000030,/300sec
 18 , 351461.844 ,11:19:51,59.82,1632422,-10.682,<,35.000,7.887070,-0.0000570,>=,0.000030,/300sec
 18 , 351761.563 ,11:24:51,59.81,1632315,-21.363,<,35.000,7.887050,-0.0000506,>=,0.000030,/300sec
 18 , 352061.656 ,11:29:51,59.82,1632422,-20.392,<,35.000,7.887030,-0.0000456,>=,0.000030,/300sec
 18 , 352361.563 ,11:34:51,59.79,1632315,-23.305,<,35.000,7.887000,-0.0000405,>=,0.000030,/300sec
 18 , 352661.735 ,11:39:51,59.81,1632422,-13.595,<,35.000,7.886980,-0.0000363,>=,0.000030,/300sec
 18 , 352962.047 ,11:44:51,59.79,1632422,-7.768,<,35.000,7.886970,-0.0000318,>=,0.000030,/300sec
 18 , 353261.547 ,11:49:50,59.81,1632422,-0.971,<,35.000,7.886950,-0.0000275,<,0.000030,/300sec
 19 , 354591.047 ,12:12:00,59.63,883212,,,,7.935410,,,0.000030,/300sec
 19 , 354891.125 ,12:17:00,59.64,883425,,,,7.934420,,,0.000030,/300sec
 19 , 355190.828 ,12:22:00,59.68,883853,,,,7.933640,,,0.000030,/300sec
 19 , 355491.219 ,12:27:00,59.66,884066,,,,7.932990,,,0.000030,/300sec
 19 , 355791.188 ,12:32:00,59.69,884173,,,,7.932400,,,0.000030,/300sec
 19 , 356091.11 ,12:37:00,59.68,884387,,,,7.931910,,,0.000030,/300sec
 19 , 356391.516 ,12:42:00,59.68,884493,,,,7.931490,,,0.000030,/300sec
 19 , 356691.094 ,12:47:00,59.69,884707,,,,7.931110,,,0.000030,/300sec
 19 , 356990.781 ,12:52:00,59.66,884814,,,,7.930760,,,0.000030,/300sec
 19 , 357291 ,12:57:00,59.68,884921,,,,7.930490,,,0.000030,/300sec
 19 , 357591.328 ,13:02:00,59.65,884921,172.848,>=,35.000,7.930230,-0.0004994,>=,0.000030,/300sec
 19 , 357890.781 ,13:07:00,59.68,885028,149.543,>=,35.000,7.930000,-0.0004302,>=,0.000030,/300sec
 19 , 358191.297 ,13:12:00,59.63,885134,126.238,>=,35.000,7.929780,-0.0003758,>=,0.000030,/300sec
 19 , 358491.438 ,13:17:00,59.68,885134,110.701,>=,35.000,7.929630,-0.0003286,>=,0.000030,/300sec
 19 , 358791.328 ,13:22:00,59.63,885241,100.019,>=,35.000,7.929430,-0.0002895,>=,0.000030,/300sec
 19 , 359091.031 ,13:27:00,59.66,885348,89.337,>=,35.000,7.929310,-0.0002557,>=,0.000030,/300sec
 19 , 359390.86 ,13:32:00,59.64,885348,79.627,>=,35.000,7.929170,-0.0002269,>=,0.000030,/300sec
 19 , 359691.235 ,13:37:00,59.65,885348,67.003,>=,35.000,7.929060,-0.0002011,>=,0.000030,/300sec
 19 , 359991.406 ,13:42:00,59.66,885455,63.119,>=,35.000,7.928940,-0.0001794,>=,0.000030,/300sec
 19 , 360290.922 ,13:47:00,59.65,885455,58.263,>=,35.000,7.928860,-0.0001606,>=,0.000030,/300sec
 19 , 360590.844 ,13:52:00,59.67,885562,58.263,>=,35.000,7.928780,-0.0001430,>=,0.000030,/300sec
 19 , 360890.813 ,13:57:00,59.64,885562,52.437,>=,35.000,7.928700,-0.0001276,>=,0.000030,/300sec
 19 , 361191.281 ,14:02:00,59.67,885668,51.466,>=,35.000,7.928630,-0.0001141,>=,0.000030,/300sec
 19 , 361490.844 ,14:07:00,59.65,885775,55.350,>=,35.000,7.928570,-0.0001028,>=,0.000030,/300sec
 19 , 361791.328 ,14:12:00,59.68,885668,48.553,>=,35.000,7.928520,-0.0000910,>=,0.000030,/300sec
 19 , 362091.203 ,14:17:00,59.63,885668,42.727,>=,35.000,7.928470,-0.0000823,>=,0.000030,/300sec
 19 , 362391.281 ,14:22:00,59.67,885775,43.698,>=,35.000,7.928420,-0.0000736,>=,0.000030,/300sec
 19 , 362691.422 ,14:27:00,59.64,885775,40.784,>=,35.000,7.928370,-0.0000668,>=,0.000030,/300sec
 19 , 362990.891 ,14:32:00,59.66,885775,33.987,<,35.000,7.928330,-0.0000605,>=,0.000030,/300sec
 19 , 363290.969 ,14:37:00,59.66,885775,29.132,<,35.000,7.928300,-0.0000555,>=,0.000030,/300sec
 19 , 363591.391 ,14:42:00,59.66,885882,26.219,<,35.000,7.928270,-0.0000505,>=,0.000030,/300sec
 19 , 363891.375 ,14:47:00,59.67,885882,25.248,<,35.000,7.928260,-0.0000448,>=,0.000030,/300sec
 19 , 364191.219 ,14:52:00,59.65,885775,16.508,<,35.000,7.928210,-0.0000411,>=,0.000030,/300sec
 19 , 364491.25 ,14:57:00,59.67,885882,16.508,<,35.000,7.928210,-0.0000367,>=,0.000030,/300sec
 19 , 364791.078 ,15:02:00,59.64,885882,20.392,<,35.000,7.928180,-0.0000332,>=,0.000030,/300sec
 19 , 365091.485 ,15:07:00,59.68,885882,17.479,<,35.000,7.928170,-0.0000293,<,0.000030,/300sec
 20 , 366176.063 ,15:25:05,59.60,686135,,,,7.940700,,,0.000030,/300sec
 20 , 366475.828 ,15:30:05,59.65,686242,,,,7.940410,,,0.000030,/300sec
 20 , 366775.703 ,15:35:05,59.64,686349,,,,7.940170,,,0.000030,/300sec
 20 , 367076.078 ,15:40:05,59.67,686456,,,,7.939990,,,0.000030,/300sec
 20 , 367376 ,15:45:05,59.64,686456,,,,7.939810,,,0.000030,/300sec
 20 , 367675.891 ,15:50:05,59.67,686669,,,,7.939690,,,0.000030,/300sec
 20 , 367976.031 ,15:55:05,59.67,686669,,,,7.939560,,,0.000030,/300sec
 20 , 368275.969 ,16:00:05,59.65,686669,,,,7.939440,,,0.000030,/300sec
 20 , 368575.547 ,16:05:04,59.69,686669,,,,7.939350,,,0.000030,/300sec
 20 , 368876.016 ,16:10:05,59.65,686669,,,,7.939260,,,0.000030,/300sec
 20 , 369175.641 ,16:15:05,59.68,686776,59.235,>=,35.000,7.939200,-0.0001446,>=,0.000030,/300sec
 20 , 369476.188 ,16:20:05,59.65,686776,49.524,>=,35.000,7.939110,-0.0001249,>=,0.000030,/300sec
 20 , 369775.641 ,16:25:05,59.68,686776,39.813,>=,35.000,7.939060,-0.0001088,>=,0.000030,/300sec
 20 , 370075.547 ,16:30:04,59.67,686883,35.929,>=,35.000,7.939010,-0.0000958,>=,0.000030,/300sec
 20 , 370375.844 ,16:35:05,59.67,686883,33.016,<,35.000,7.938960,-0.0000844,>=,0.000030,/300sec
 20 , 370676.047 ,16:40:05,59.69,686883,26.219,<,35.000,7.938920,-0.0000752,>=,0.000030,/300sec
 20 , 370975.703 ,16:45:05,59.67,686883,27.190,<,35.000,7.938870,-0.0000667,>=,0.000030,/300sec
 20 , 371275.938 ,16:50:05,59.70,686990,31.074,<,35.000,7.938830,-0.0000597,>=,0.000030,/300sec
 20 , 371575.875 ,16:55:05,59.66,686990,32.045,<,35.000,7.938780,-0.0000549,>=,0.000030,/300sec
 20 , 371875.953 ,17:00:05,59.68,686990,30.103,<,35.000,7.938780,-0.0000490,>=,0.000030,/300sec
 20 , 372175.813 ,17:05:05,59.69,686990,25.248,<,35.000,7.938750,-0.0000442,>=,0.000030,/300sec
 20 , 372475.578 ,17:10:05,59.65,686990,23.305,<,35.000,7.938710,-0.0000398,>=,0.000030,/300sec
 20 , 372775.578 ,17:15:05,59.70,686990,19.421,<,35.000,7.938690,-0.0000368,>=,0.000030,/300sec
 20 , 373076.11 ,17:20:05,59.65,686990,13.595,<,35.000,7.938670,-0.0000336,>=,0.000030,/300sec
 20 , 373376.094 ,17:25:05,59.68,687097,16.508,<,35.000,7.938650,-0.0000305,>=,0.000030,/300sec
 20 , 373676.078 ,17:30:05,59.66,687097,17.479,<,35.000,7.938630,-0.0000278,<,0.000030,/300sec
 21 , 375028.406 ,17:52:37,59.65,487243,,,,7.950840,,,0.000030,/300sec
 21 , 375328.594 ,17:57:38,59.63,487350,,,,7.950580,,,0.000030,/300sec
 21 , 375628.422 ,18:02:37,59.67,487457,,,,7.950390,,,0.000030,/300sec
 21 , 375928.406 ,18:07:37,59.62,487457,,,,7.950200,,,0.000030,/300sec
 21 , 376228.735 ,18:12:38,59.66,487671,,,,7.950050,,,0.000030,/300sec
 21 , 376528.453 ,18:17:37,59.65,487564,,,,7.949910,,,0.000030,/300sec
 21 , 376828.531 ,18:22:37,59.65,487671,,,,7.949790,,,0.000030,/300sec
 21 , 377128.516 ,18:27:37,59.69,487777,,,,7.949690,,,0.000030,/300sec
 21 , 377428.531 ,18:32:37,59.66,487777,,,,7.949590,,,0.000030,/300sec
 21 , 377728.641 ,18:37:38,59.70,487884,,,,7.949510,,,0.000030,/300sec
 21 , 378028.578 ,18:42:38,59.68,487884,63.119,>=,35.000,7.949440,-0.0001360,>=,0.000030,/300sec
 21 , 378328.781 ,18:47:38,59.70,487884,55.350,>=,35.000,7.949370,-0.0001187,>=,0.000030,/300sec
 21 , 378628.578 ,18:52:38,59.69,487991,52.437,>=,35.000,7.949300,-0.0001055,>=,0.000030,/300sec
 21 , 378928.703 ,18:57:38,59.68,487991,49.524,>=,35.000,7.949240,-0.0000936,>=,0.000030,/300sec
 21 , 379228.297 ,19:02:37,59.71,487991,41.756,>=,35.000,7.949210,-0.0000831,>=,0.000030,/300sec
 21 , 379528.703 ,19:07:38,59.67,487991,40.784,>=,35.000,7.949150,-0.0000745,>=,0.000030,/300sec
 21 , 379828.891 ,19:12:38,59.70,487991,31.074,<,35.000,7.949120,-0.0000666,>=,0.000030,/300sec
 21 , 380128.703 ,19:17:38,59.65,487991,23.305,<,35.000,7.949090,-0.0000595,>=,0.000030,/300sec
 21 , 380428.531 ,19:22:37,59.66,488098,23.305,<,35.000,7.949050,-0.0000534,>=,0.000030,/300sec
 21 , 380728.656 ,19:27:38,59.67,488098,20.392,<,35.000,7.949020,-0.0000482,>=,0.000030,/300sec
 21 , 381028.594 ,19:32:38,59.66,487991,15.537,<,35.000,7.948990,-0.0000435,>=,0.000030,/300sec
 21 , 381328.375 ,19:37:37,59.70,488098,14.566,<,35.000,7.948990,-0.0000380,>=,0.000030,/300sec
 21 , 381628.578 ,19:42:38,59.65,488098,11.653,<,35.000,7.948960,-0.0000335,>=,0.000030,/300sec
 21 , 381928.703 ,19:47:38,59.69,488098,12.624,<,35.000,7.948940,-0.0000301,>=,0.000030,/300sec
 21 , 382228.891 ,19:52:38,59.70,488205,17.479,<,35.000,7.948910,-0.0000280,<,0.000030,/300sec
 22 , 384473.219 ,20:30:02,59.72,288244,,,,7.960530,,,0.000030,/300sec
 22 , 384773.391 ,20:35:02,59.67,288244,,,,7.960340,,,0.000030,/300sec
 22 , 385073.172 ,20:40:02,59.73,288351,,,,7.960190,,,0.000030,/300sec
 22 , 385373.594 ,20:45:03,59.73,288458,,,,7.960030,,,0.000030,/300sec
 22 , 385673.422 ,20:50:02,59.72,288458,,,,7.959910,,,0.000030,/300sec
 22 , 385973.469 ,20:55:02,59.76,288565,,,,7.959810,,,0.000030,/300sec
 22 , 386273.735 ,21:00:03,59.73,288565,,,,7.959720,,,0.000030,/300sec
 22 , 386573.656 ,21:05:03,59.74,288565,,,,7.959630,,,0.000030,/300sec
 22 , 386873.172 ,21:10:02,59.76,288672,,,,7.959540,,,0.000030,/300sec
 22 , 387173.36 ,21:15:02,59.71,288672,,,,7.959480,,,0.000030,/300sec
 22 , 387473.703 ,21:20:03,59.73,288672,46.611,>=,35.000,7.959420,-0.0001085,>=,0.000030,/300sec
 22 , 387773.25 ,21:25:02,59.76,288672,40.784,>=,35.000,7.959370,-0.0000955,>=,0.000030,/300sec
 22 , 388073.188 ,21:30:02,59.70,288778,35.929,>=,35.000,7.959300,-0.0000855,>=,0.000030,/300sec
 22 , 388373.735 ,21:35:03,59.73,288778,32.045,<,35.000,7.959270,-0.0000755,>=,0.000030,/300sec
 22 , 388673.438 ,21:40:02,59.75,288778,30.103,<,35.000,7.959210,-0.0000687,>=,0.000030,/300sec
 22 , 388973.344 ,21:45:02,59.67,288778,25.248,<,35.000,7.959190,-0.0000619,>=,0.000030,/300sec
 22 , 389273.563 ,21:50:03,59.72,288778,23.305,<,35.000,7.959170,-0.0000549,>=,0.000030,/300sec
 22 , 389573.797 ,21:55:03,59.72,288778,19.421,<,35.000,7.959140,-0.0000484,>=,0.000030,/300sec
 22 , 389873.719 ,22:00:03,59.68,288778,13.595,<,35.000,7.959100,-0.0000433,>=,0.000030,/300sec
 22 , 390173.641 ,22:05:03,59.72,288885,16.508,<,35.000,7.959110,-0.0000378,>=,0.000030,/300sec
 22 , 390473.469 ,22:10:02,59.71,288885,17.479,<,35.000,7.959080,-0.0000331,>=,0.000030,/300sec
 22 , 390773.328 ,22:15:02,59.68,288885,16.508,<,35.000,7.959050,-0.0000294,<,0.000030,/300sec
 23 , 392335.703 ,22:41:05,59.69,238895,,,,7.961940,,,0.000030,/300sec
 23 , 392635.297 ,22:46:04,59.75,238895,,,,7.961890,,,0.000030,/300sec
 23 , 392935.313 ,22:51:04,59.74,239002,,,,7.961820,,,0.000030,/300sec
 23 , 393235.313 ,22:56:04,59.73,239002,,,,7.961770,,,0.000030,/300sec
 23 , 393535.563 ,23:01:05,59.76,239002,,,,7.961730,,,0.000030,/300sec
 23 , 393835.375 ,23:06:04,59.75,239002,,,,7.961690,,,0.000030,/300sec
 23 , 394135.985 ,23:11:05,59.74,239002,,,,7.961640,,,0.000030,/300sec
 23 , 394435.516 ,23:16:04,59.78,239109,,,,7.961620,,,0.000030,/300sec
 23 , 394735.266 ,23:21:04,59.74,239109,,,,7.961580,,,0.000030,/300sec
 23 , 395035.453 ,23:26:04,59.75,239109,,,,7.961560,,,0.000030,/300sec
 23 , 395335.61 ,23:31:05,59.79,239109,22.334,<,35.000,7.961530,-0.0000407,>=,0.000030,/300sec
 23 , 395635.36 ,23:36:04,59.75,239109,19.421,<,35.000,7.961500,-0.0000374,>=,0.000030,/300sec
 23 , 395935.375 ,23:41:04,59.78,239216,19.421,<,35.000,7.961500,-0.0000327,>=,0.000030,/300sec
 23 , 396235.547 ,23:46:04,59.82,239216,22.334,<,35.000,7.961480,-0.0000293,<,0.000030,/300sec
 24 , 398108.156 ,00:17:17,59.81,188691,,,,7.964390,,,0.000030,/300sec
 24 , 398408.125 ,00:22:17,59.75,188691,,,,7.964300,,,0.000030,/300sec
 24 , 398707.922 ,00:27:17,59.79,188691,,,,7.964270,,,0.000030,/300sec
 24 , 399007.985 ,00:32:17,59.78,188691,,,,7.964220,,,0.000030,/300sec
 24 , 399308.063 ,00:37:17,59.77,188798,,,,7.964120,,,0.000030,/300sec
 24 , 399607.719 ,00:42:17,59.80,188798,,,,7.964050,,,0.000030,/300sec
 24 , 399907.891 ,00:47:17,59.80,188798,,,,7.964000,,,0.000030,/300sec
 24 , 400208.125 ,00:52:17,59.77,188798,,,,7.963960,,,0.000030,/300sec
 24 , 400508.235 ,00:57:17,59.80,188798,,,,7.963940,,,0.000030,/300sec
 24 , 400807.86 ,01:02:17,59.79,188905,,,,7.963930,,,0.000030,/300sec
 24 , 401107.906 ,01:07:17,59.77,188905,22.334,<,35.000,7.963910,-0.0000501,>=,0.000030,/300sec
 24 , 401407.656 ,01:12:17,59.81,188905,23.305,<,35.000,7.963870,-0.0000446,>=,0.000030,/300sec
 24 , 401707.735 ,01:17:17,59.78,188905,22.334,<,35.000,7.963830,-0.0000412,>=,0.000030,/300sec
 24 , 402007.703 ,01:22:17,59.75,188905,19.421,<,35.000,7.963820,-0.0000355,>=,0.000030,/300sec
 24 , 402307.938 ,01:27:17,59.78,188905,14.566,<,35.000,7.963820,-0.0000285,<,0.000030,/300sec
 25 , 403111.485 ,01:40:40,59.74,136779,,,,7.966960,,,0.000030,/300sec
 25 , 403411.344 ,01:45:40,59.77,136779,,,,7.966880,,,0.000030,/300sec
 25 , 403711.5 ,01:50:40,59.71,136885,,,,7.966790,,,0.000030,/300sec
 25 , 404011.266 ,01:55:40,59.76,136885,,,,7.966750,,,0.000030,/300sec
 25 , 404311.235 ,02:00:40,59.77,136992,,,,7.966690,,,0.000030,/300sec
 25 , 404611.375 ,02:05:40,59.71,136992,,,,7.966630,,,0.000030,/300sec
 25 , 404911.328 ,02:10:40,59.76,136992,,,,7.966610,,,0.000030,/300sec
 25 , 405211.688 ,02:15:41,59.76,136992,,,,7.966560,,,0.000030,/300sec
 25 , 405511.766 ,02:20:41,59.72,136992,,,,7.966520,,,0.000030,/300sec
 25 , 405811.422 ,02:25:40,59.76,136992,,,,7.966490,,,0.000030,/300sec
 25 , 406111.625 ,02:30:41,59.77,137099,27.190,<,35.000,7.966460,-0.0000485,>=,0.000030,/300sec
 25 , 406411.422 ,02:35:40,59.73,137099,25.248,<,35.000,7.966430,-0.0000433,>=,0.000030,/300sec
 25 , 406711.875 ,02:40:41,59.77,137099,20.392,<,35.000,7.966430,-0.0000376,>=,0.000030,/300sec
 25 , 407011.672 ,02:45:41,59.75,137099,18.450,<,35.000,7.966390,-0.0000346,>=,0.000030,/300sec
 25 , 407311.563 ,02:50:41,59.74,137099,14.566,<,35.000,7.966380,-0.0000306,>=,0.000030,/300sec
 25 , 407611.828 ,02:55:41,59.77,137099,14.566,<,35.000,7.966360,-0.0000275,<,0.000030,/300sec
 26 , 408430.938 ,03:09:20,59.73,86997,,,,7.969370,,,0.000030,/300sec
 26 , 408730.813 ,03:14:20,59.75,87037,,,,7.969260,,,0.000030,/300sec
 26 , 409031.078 ,03:19:20,59.71,87062,,,,7.969180,,,0.000030,/300sec
 26 , 409330.953 ,03:24:20,59.74,87094,,,,7.969140,,,0.000030,/300sec
 26 , 409630.953 ,03:29:20,59.74,87127,,,,7.969090,,,0.000030,/300sec
 26 , 409930.672 ,03:34:20,59.70,87139,,,,7.969030,,,0.000030,/300sec
 26 , 410230.797 ,03:39:20,59.74,87163,,,,7.969000,,,0.000030,/300sec
 26 , 410530.594 ,03:44:20,59.73,87184,,,,7.968960,,,0.000030,/300sec
 26 , 410830.485 ,03:49:19,59.70,87196,,,,7.968930,,,0.000030,/300sec
 26 , 411130.516 ,03:54:19,59.73,87216,,,,7.968900,,,0.000030,/300sec
 26 , 411430.953 ,03:59:20,59.74,87233,22.858,>=,5.000,7.968860,-0.0000472,>=,0.000030,/300sec
 26 , 411730.672 ,04:04:20,59.69,87241,20.454,>=,5.000,7.968840,-0.0000408,>=,0.000030,/300sec
 26 , 412030.891 ,04:09:20,59.72,87253,18.605,>=,5.000,7.968820,-0.0000365,>=,0.000030,/300sec
 26 , 412330.86 ,04:14:20,59.73,87269,16.866,>=,5.000,7.968800,-0.0000335,>=,0.000030,/300sec
 26 , 412630.469 ,04:19:19,59.68,87273,15.202,>=,5.000,7.968780,-0.0000302,>=,0.000030,/300sec
 26 , 412930.938 ,04:24:20,59.71,87290,14.425,>=,5.000,7.968770,-0.0000267,<,0.000030,/300sec
 27 , 413838.531 ,04:39:27,59.67,37090,,,,7.971730,,,0.000030,/300sec
 27 , 414138.672 ,04:44:28,59.67,37131,,,,7.971640,,,0.000030,/300sec
 27 , 414438.719 ,04:49:28,59.63,37164,,,,7.971580,,,0.000030,/300sec
 27 , 414739.063 ,04:54:28,59.67,37196,,,,7.971520,,,0.000030,/300sec
 27 , 415038.719 ,04:59:28,59.68,37225,,,,7.971470,,,0.000030,/300sec
 27 , 415338.813 ,05:04:28,59.63,37241,,,,7.971420,,,0.000030,/300sec
 27 , 415638.61 ,05:09:28,59.68,37265,,,,7.971390,,,0.000030,/300sec
 27 , 415938.375 ,05:14:27,59.69,37290,,,,7.971360,,,0.000030,/300sec
 27 , 416238.469 ,05:19:27,59.62,37302,,,,7.971320,,,0.000030,/300sec
 27 , 416538.828 ,05:24:28,59.67,37326,,,,7.971310,,,0.000030,/300sec
 27 , 416838.516 ,05:29:27,59.68,37343,24.412,>=,5.000,7.971260,-0.0000441,>=,0.000030,/300sec
 27 , 417138.985 ,05:34:28,59.63,37351,21.897,>=,5.000,7.971220,-0.0000397,>=,0.000030,/300sec
 27 , 417438.516 ,05:39:27,59.68,37371,20.158,>=,5.000,7.971200,-0.0000365,>=,0.000030,/300sec
 27 , 417738.547 ,05:44:27,59.69,37387,18.753,>=,5.000,7.971190,-0.0000331,>=,0.000030,/300sec
 27 , 418038.672 ,05:49:28,59.63,37400,17.643,>=,5.000,7.971180,-0.0000298,<,0.000030,/300sec
