Run,Graph,Index,Y_Axis          Y2_Axis,Data,Data,Data,Data,Data,Data,Data,Data,Data
Secs,Secs,,PndVol,PndVol,PndArea,TipWdth,WetTipW,Contrst,Sharp,Black,White,Edge
1.1,0,1,4.647,4.647,11.14,2.05,2.0327,255,172,0,255,105
1.1333,0.0333,2,4.697,4.697,11.225,2.056,2.0294,255,170,0,255,105
601.1333,600.0333,3,4.667,4.667,11.165,2.0551,2.0379,255,170,0,255,105
1201.1333,1200.0333,4,4.678,4.678,11.187,2.0565,2.0379,255,171,0,255,105
1801.1333,1800.0333,5,4.679,4.679,11.188,2.0569,2.0379,255,173,0,255,105
2401.1333,2400.0333,6,4.678,4.678,11.19,2.056,2.0379,255,173,0,255,105
3001.1333,3000.0333,7,4.669,4.669,11.172,2.0564,2.0379,255,172,0,255,105
3601.1333,3600.0333,8,4.676,4.676,11.186,2.0574,2.0379,255,172,0,255,105
4201.1333,4200.0333,9,4.657,4.657,11.149,2.0568,2.0379,255,171,0,255,105
4801.1333,4800.0333,10,4.667,4.667,11.168,2.0558,2.0379,255,174,0,255,105
5401.1333,5400.0333,11,4.681,4.681,11.198,2.0563,2.0379,255,172,0,255,105
6001.1333,6000.0333,12,4.683,4.683,11.2,2.0574,2.0379,255,174,0,255,105
6601.1333,6600.0333,13,4.687,4.687,11.208,2.0563,2.0379,255,173,0,255,105
7201.1333,7200.0333,14,4.685,4.685,11.203,2.0574,2.0379,255,174,0,255,105
7801.1333,7800.0333,15,4.695,4.695,11.224,2.0561,2.0379,255,175,0,255,105
8401.1333,8400.0333,16,4.683,4.683,11.199,2.0568,2.0294,255,174,0,255,105
9001.1333,9000.0333,17,4.685,4.685,11.203,2.0573,2.0379,255,176,0,255,105
9601.1333,9600.0333,18,4.694,4.694,11.221,2.0566,2.0379,255,176,0,255,105
10201.1333,10200.0333,19,4.695,4.695,11.222,2.0578,2.0379,255,176,0,255,105
10801.1333,10800.0333,20,4.696,4.696,11.224,2.0577,2.0379,255,176,0,255,105
11401.1333,11400.0333,21,4.701,4.701,11.234,2.0576,2.0379,255,176,0,255,105
12001.1333,12000.0333,22,4.71,4.71,11.252,2.0569,2.0379,255,178,0,255,105
12601.1333,12600.0333,23,4.684,4.684,11.2,2.0576,2.0379,255,176,0,255,105
13201.1333,13200.0333,24,4.691,4.691,11.214,2.0572,2.0379,255,177,0,255,105
13801.1333,13800.0333,25,4.717,4.717,11.264,2.0576,2.0379,255,175,0,255,105
14401.1333,14400.0333,26,4.706,4.706,11.241,2.0581,2.0379,255,175,0,255,105
15001.1333,15000.0333,27,4.702,4.702,11.235,2.0574,2.0379,255,176,0,255,105
15601.1333,15600.0333,28,4.709,4.709,11.248,2.0574,2.0379,255,177,0,255,105
16201.1333,16200.0333,29,4.723,4.723,11.275,2.0575,2.0379,255,176,0,255,105
16801.1333,16800.0333,30,4.714,4.714,11.257,2.0577,2.0379,255,174,0,255,105
17401.1333,17400.0333,31,4.694,4.694,11.216,2.0578,2.0379,255,176,0,255,105
18001.1333,18000.0333,32,4.696,4.696,11.22,2.0569,2.0379,255,179,0,255,105
18601.1333,18600.0333,33,4.705,4.705,11.24,2.0586,2.0379,255,175,0,255,105
19201.1333,19200.0333,34,4.71,4.71,11.249,2.0587,2.0379,255,176,0,255,105
19801.1333,19800.0333,35,4.708,4.708,11.243,2.0579,2.0379,255,177,0,255,105
20401.1333,20400.0333,36,4.717,4.717,11.26,2.0583,2.0379,255,175,0,255,105
21001.1333,21000.0333,37,4.723,4.723,11.271,2.0578,2.0379,255,177,0,255,105
21601.1333,21600.0333,38,4.726,4.726,11.278,2.0588,2.0379,255,175,0,255,105
22201.1333,22200.0333,39,4.724,4.724,11.274,2.0582,2.0379,255,177,0,255,105
22801.1333,22800.0333,40,4.725,4.725,11.278,2.0591,2.0379,255,177,0,255,105
23401.1333,23400.0333,41,4.733,4.733,11.292,2.0589,2.0379,255,176,0,255,105
24001.1333,24000.0333,42,4.739,4.739,11.304,2.0583,2.0379,255,176,0,255,105
24601.1333,24600.0333,43,4.707,4.707,11.24,2.0589,2.0379,255,176,0,255,105
25201.1333,25200.0333,44,4.724,4.724,11.273,2.0588,2.0379,255,178,0,255,105
25801.1333,25800.0333,45,4.737,4.737,11.3,2.0595,2.0379,255,178,0,255,105
26401.1333,26400.0333,46,4.724,4.724,11.273,2.0593,2.0379,255,177,0,255,105
27001.1333,27000.0333,47,4.734,4.734,11.293,2.0581,2.0379,255,176,0,255,105
27601.1333,27600.0333,48,4.731,4.731,11.286,2.0583,2.0379,255,178,0,255,105
28201.1333,28200.0333,49,4.727,4.727,11.278,2.0585,2.0379,255,178,0,255,105
28801.1333,28800.0333,50,4.739,4.739,11.302,2.0589,2.0379,255,180,0,255,105
29401.1333,29400.0333,51,4.727,4.727,11.279,2.0593,2.0379,255,178,0,255,105
30001.1333,30000.0333,52,4.733,4.733,11.29,2.0584,2.0379,255,179,0,255,105
30601.1333,30600.0333,53,4.74,4.74,11.314,2.0535,2.0241,255,177,0,255,105
31201.1333,31200.0333,54,4.73,4.73,11.291,2.0544,2.0241,255,178,0,255,105
31801.1333,31800.0333,55,4.749,4.749,11.33,2.054,2.0412,255,176,0,255,105
32401.1333,32400.0333,56,4.741,4.741,11.311,2.0538,2.0412,255,176,0,255,105
33001.1333,33000.0333,57,4.725,4.725,11.281,2.0542,2.0327,255,179,0,255,105
33601.1333,33600.0333,58,4.748,4.748,11.325,2.0547,2.0327,255,177,0,255,105
34201.1333,34200.0333,59,4.741,4.741,11.313,2.0544,2.0412,255,178,0,255,105
34801.1333,34800.0333,60,4.753,4.753,11.334,2.0548,2.0156,255,178,0,255,105
35401.1333,35400.0333,61,4.75,4.75,11.329,2.0554,2.0497,255,178,0,255,105
36001.1333,36000.0333,62,4.79,4.79,11.394,2.0606,2.0294,255,178,0,255,105
36601.1333,36600.0333,63,4.78,4.78,11.375,2.0602,2.0294,255,176,0,255,105
37201.1333,37200.0333,64,4.762,4.762,11.337,2.0599,2.0122,255,180,0,255,105
37801.1333,37800.0333,65,4.745,4.745,11.304,2.0603,2.0122,255,179,0,255,105
38401.1333,38400.0333,66,4.763,4.763,11.34,2.0598,2.0122,255,174,0,255,105
39001.1333,39000.0333,67,4.761,4.761,11.335,2.0595,2.0122,255,179,0,255,105
39601.1333,39600.0333,68,4.755,4.755,11.324,2.0601,2.0122,255,175,0,255,105
40201.1333,40200.0333,69,4.769,4.769,11.352,2.0601,2.0122,255,179,0,255,105
40801.1333,40800.0333,70,4.772,4.772,11.358,2.0597,2.0122,255,176,0,255,105
41401.1333,41400.0333,71,4.772,4.772,11.357,2.0601,2.0122,255,180,0,255,105
42001.1333,42000.0333,72,4.764,4.764,11.342,2.06,2.0122,255,178,0,255,105
42601.1333,42600.0333,73,4.764,4.764,11.34,2.0603,2.0122,255,181,0,255,105
43201.1333,43200.0333,74,4.766,4.766,11.346,2.0606,2.0122,255,177,0,255,105
43801.1333,43800.0333,75,4.777,4.777,11.369,2.0614,2.0122,255,179,0,255,105
44401.1333,44400.0333,76,4.778,4.778,11.37,2.0598,2.0122,255,178,0,255,105
45001.1333,45000.0333,77,4.767,4.767,11.347,2.0599,2.0122,255,180,0,255,105
45601.1333,45600.0333,78,4.758,4.758,11.329,2.0602,2.0122,255,178,0,255,105
46201.1333,46200.0333,79,4.769,4.769,11.351,2.0608,2.0122,255,180,0,255,105
46801.1333,46800.0333,80,4.765,4.765,11.344,2.0604,2.0122,255,177,0,255,105
47401.1333,47400.0333,81,4.757,4.757,11.328,2.0607,2.0122,255,179,0,255,105
48001.1333,48000.0333,82,4.766,4.766,11.344,2.0598,2.0379,255,179,0,255,105
48601.1333,48600.0333,83,4.851,4.851,11.504,2.0601,2.0122,255,179,0,255,105
49201.1333,49200.0333,84,4.829,4.829,11.457,2.0614,2.0379,255,179,0,255,105
49801.1333,49800.0333,85,4.85,4.85,11.5,2.0615,2.0379,255,178,0,255,105
50401.1333,50400.0333,86,4.85,4.85,11.498,2.062,2.0379,255,178,0,255,105
51001.1333,51000.0333,87,4.848,4.848,11.494,2.0622,2.0379,255,178,0,255,105
51601.1333,51600.0333,88,4.853,4.853,11.504,2.0616,2.0379,255,179,0,255,105
52201.1333,52200.0333,89,4.87,4.87,11.539,2.061,2.0379,255,180,0,255,105
52801.1333,52800.0333,90,4.834,4.834,11.466,2.062,2.0465,255,178,0,255,105
53401.1333,53400.0333,91,4.837,4.837,11.473,2.0618,2.0465,255,177,0,255,105
54001.1333,54000.0333,92,4.841,4.841,11.48,2.0617,2.0465,255,178,0,255,105
54601.1333,54600.0333,93,4.83,4.83,11.456,2.0624,2.0465,255,178,0,255,105
55201.1333,55200.0333,94,4.853,4.853,11.504,2.062,2.0122,255,178,0,255,105
55801.1333,55800.0333,95,4.845,4.845,11.489,2.0618,2.0122,255,178,0,255,105
56401.1333,56400.0333,96,4.864,4.864,11.524,2.0621,2.0122,255,178,0,255,105
57001.1333,57000.0333,97,4.83,4.83,11.458,2.0621,2.0122,255,178,0,255,105
57601.1333,57600.0333,98,4.862,4.862,11.52,2.0624,2.0122,255,178,0,255,105
58201.1333,58200.0333,99,4.838,4.838,11.473,2.0617,2.0294,255,179,0,255,105
58801.1333,58800.0333,100,4.847,4.847,11.491,2.0618,2.0294,255,176,0,255,105
59401.1333,59400.0333,101,4.844,4.844,11.486,2.0617,2.0294,255,178,0,255,105
60001.1333,60000.0333,102,4.845,4.845,11.487,2.0623,2.0294,255,179,0,255,105
60601.1333,60600.0333,103,4.814,4.814,11.426,2.0616,2.0208,255,179,0,255,105
61201.1333,61200.0333,104,4.786,4.786,11.367,2.0618,2.0208,255,182,0,255,105
61801.1333,61800.0333,105,4.808,4.808,11.412,2.0621,2.0208,255,181,0,255,105
62401.1333,62400.0333,106,4.812,4.812,11.421,2.0626,2.0208,255,175,0,255,105
63001.1333,63000.0333,107,4.826,4.826,11.448,2.0613,2.0208,255,178,0,255,105
63601.1333,63600.0333,108,4.811,4.811,11.42,2.0617,2.0208,255,177,0,255,105
64201.1333,64200.0333,109,4.81,4.81,11.417,2.0612,2.0208,255,178,0,255,105
64801.1333,64800.0333,110,4.786,4.786,11.369,2.0619,2.0208,255,177,0,255,105
65401.1333,65400.0333,111,4.824,4.824,11.446,2.0613,2.0208,255,179,0,255,105
66001.1333,66000.0333,112,4.823,4.823,11.443,2.0616,2.0208,255,178,0,255,105
66601.1333,66600.0333,113,4.833,4.833,11.46,2.0625,2.0208,255,179,0,255,105
67201.1333,67200.0333,114,4.919,4.919,11.624,2.0627,2.0208,255,179,0,255,105
67801.1333,67800.0333,115,4.908,4.908,11.599,2.0624,2.0208,255,180,0,255,105
68401.1333,68400.0333,116,4.94,4.94,11.662,2.0638,2.0208,255,178,0,255,105
69001.1333,69000.0333,117,4.924,4.924,11.63,2.0631,2.0208,255,176,0,255,105
69601.1333,69600.0333,118,4.93,4.93,11.642,2.064,2.0208,255,177,0,255,105
70201.1333,70200.0333,119,4.947,4.947,11.676,2.0633,2.0208,255,179,0,255,105
70801.1333,70800.0333,120,4.928,4.928,11.638,2.0633,2.0208,255,180,0,255,105
71401.1333,71400.0333,121,4.894,4.894,11.568,2.0636,2.0379,255,180,0,255,105
72001.1333,72000.0333,122,4.912,4.912,11.605,2.0639,2.0379,255,177,0,255,105
72601.1333,72600.0333,123,4.894,4.894,11.568,2.0637,2.0465,255,180,0,255,105
73201.1333,73200.0333,124,4.903,4.903,11.587,2.0632,2.0208,255,180,0,255,105
73801.1333,73800.0333,125,4.917,4.917,11.614,2.0642,2.0208,255,176,0,255,105
74401.1333,74400.0333,126,4.903,4.903,11.587,2.064,2.0208,255,180,0,255,105
75001.1333,75000.0333,127,4.942,4.942,11.664,2.064,2.0379,255,178,0,255,105
75601.1333,75600.0333,128,4.918,4.918,11.618,2.0644,2.0379,255,178,0,255,105
76201.1333,76200.0333,129,4.941,4.941,11.662,2.0643,2.0379,255,179,0,255,105
76801.1333,76800.0333,130,4.92,4.92,11.622,2.0645,2.0379,255,178,0,255,105
77401.1333,77400.0333,131,4.937,4.937,11.655,2.0642,2.0294,255,181,0,255,105
78001.1333,78000.0333,132,4.931,4.931,11.643,2.0639,2.0294,255,181,0,255,105
78601.1333,78600.0333,133,4.925,4.925,11.632,2.0642,2.0294,255,181,0,255,105
79201.1333,79200.0333,134,4.924,4.924,11.63,2.0647,2.0294,255,180,0,255,105
79801.1333,79800.0333,135,4.935,4.935,11.652,2.0636,2.0294,255,178,0,255,105
80401.1333,80400.0333,136,4.939,4.939,11.659,2.0638,2.0294,255,178,0,255,105
81001.1333,81000.0333,137,4.916,4.916,11.613,2.0634,2.0379,255,178,0,255,105
81601.1333,81600.0333,138,4.921,4.921,11.623,2.0636,2.0379,255,178,0,255,105
82201.1333,82200.0333,139,4.917,4.917,11.618,2.0627,2.0379,255,174,0,255,105
82801.1333,82800.0333,140,4.932,4.932,11.65,2.0616,2.0379,255,178,0,255,105
83401.1333,83400.0333,141,4.906,4.906,11.597,2.0621,2.055,255,176,0,255,105
84001.1333,84000.0333,142,4.919,4.919,11.621,2.0623,2.055,255,175,0,255,105
84601.1333,84600.0333,143,4.89,4.89,11.567,2.0626,2.055,255,177,0,255,105
85201.1333,85200.0333,144,4.892,4.892,11.567,2.0624,2.055,255,174,0,255,105
85801.1333,85800.0333,145,4.893,4.893,11.571,2.0623,2.055,255,177,0,255,105
86401.1333,86400.0333,146,4.918,4.918,11.621,2.0623,2.055,255,177,0,255,105
87001.1333,87000.0333,147,4.922,4.922,11.627,2.0619,2.055,255,176,0,255,105
87601.1333,87600.0333,148,4.907,4.907,11.598,2.0622,2.055,255,176,0,255,105
88201.1333,88200.0333,149,4.899,4.899,11.583,2.0623,2.055,255,176,0,255,105
88801.1333,88800.0333,150,4.931,4.931,11.646,2.0621,2.055,255,178,0,255,105
89401.1333,89400.0333,151,4.925,4.925,11.635,2.0621,2.055,255,175,0,255,105
90001.1333,90000.0333,152,4.925,4.925,11.634,2.0622,2.055,255,176,0,255,105
90601.1333,90600.0333,153,4.908,4.908,11.6,2.062,2.055,255,177,0,255,105
91201.1333,91200.0333,154,4.915,4.915,11.615,2.0619,2.0379,255,177,0,255,105
91801.1333,91800.0333,155,4.93,4.93,11.644,2.062,2.055,255,176,0,255,105
92401.1333,92400.0333,156,4.929,4.929,11.64,2.062,2.055,255,176,0,255,105
93001.1333,93000.0333,157,4.93,4.93,11.644,2.0626,2.055,255,177,0,255,105
93601.1333,93600.0333,158,4.929,4.929,11.642,2.0622,2.055,255,176,0,255,105
94201.1333,94200.0333,159,4.927,4.927,11.638,2.0623,2.055,255,176,0,255,105
94801.1333,94800.0333,160,4.891,4.891,11.566,2.0617,2.0379,255,176,0,255,105
95401.1333,95400.0333,161,4.891,4.891,11.567,2.0622,2.0379,255,177,0,255,105
96001.1333,96000.0333,162,4.903,4.903,11.591,2.0621,2.0379,255,176,0,255,105
96601.1333,96600.0333,163,4.893,4.893,11.57,2.0621,2.0379,255,178,0,255,105
97201.1333,97200.0333,164,4.886,4.886,11.556,2.062,2.0379,255,176,0,255,105
97801.1333,97800.0333,165,4.914,4.914,11.611,2.0619,2.0379,255,175,0,255,105
98401.1333,98400.0333,166,4.909,4.909,11.602,2.0619,2.0379,255,177,0,255,105
99001.1333,99000.0333,167,4.902,4.902,11.587,2.062,2.0379,255,178,0,255,105
99601.1333,99600.0333,168,4.898,4.898,11.579,2.0618,2.0379,255,177,0,255,105
100201.1333,100200.0333,169,4.929,4.929,11.641,2.0616,2.0379,255,178,0,255,105
100801.1333,100800.0333,170,4.907,4.907,11.597,2.0618,2.0379,255,176,0,255,105
101401.1333,101400.0333,171,4.907,4.907,11.598,2.0617,2.0379,255,178,0,255,105
102001.1333,102000.0333,172,4.925,4.925,11.634,2.0623,2.0379,255,177,0,255,105
102601.1333,102600.0333,173,4.912,4.912,11.609,2.0617,2.0379,255,177,0,255,105
103201.1333,103200.0333,174,4.905,4.905,11.594,2.0617,2.0379,255,178,0,255,105
103801.1333,103800.0333,175,4.917,4.917,11.617,2.0619,2.0379,255,180,0,255,105
104401.1333,104400.0333,176,4.902,4.902,11.587,2.062,2.0379,255,182,0,255,105
105001.1333,105000.0333,177,4.962,4.962,11.703,2.0622,2.0294,255,177,0,255,105
105601.1333,105600.0333,178,5,5,11.772,2.0626,2.0294,255,177,0,255,105
106201.1333,106200.0333,179,5.012,5.012,11.793,2.063,2.0294,255,177,0,255,105
106801.1333,106800.0333,180,5.025,5.025,11.819,2.0633,2.0294,255,176,0,255,105
107401.1333,107400.0333,181,5.018,5.018,11.804,2.0635,2.0294,255,179,0,255,105
108001.1333,108000.0333,182,5.005,5.005,11.779,2.0629,2.0379,255,180,0,255,105
108601.1333,108600.0333,183,5.001,5.001,11.767,2.0648,2.0294,255,178,0,255,105
109201.1333,109200.0333,184,5.01,5.01,11.784,2.0655,2.055,255,177,0,255,105
109801.1333,109800.0333,185,4.983,4.983,11.732,2.0651,2.055,255,177,0,255,105
110401.1333,110400.0333,186,5.002,5.002,11.77,2.0646,2.055,255,178,0,255,105
111001.1333,111000.0333,187,5.005,5.005,11.773,2.0648,2.055,255,177,0,255,105
111601.1333,111600.0333,188,5.001,5.001,11.767,2.0645,2.055,255,179,0,255,105
112201.1333,112200.0333,189,4.998,4.998,11.761,2.0649,2.0122,255,178,0,255,105
112801.1333,112800.0333,190,4.975,4.975,11.714,2.0651,2.0122,255,179,0,255,105
113401.1333,113400.0333,191,4.989,4.989,11.741,2.0651,2.0122,255,178,0,255,105
114001.1333,114000.0333,192,4.988,4.988,11.741,2.065,2.0122,255,176,0,255,105
114601.1333,114600.0333,193,4.988,4.988,11.741,2.0654,2.0122,255,179,0,255,105
115201.1333,115200.0333,194,5.019,5.019,11.802,2.0653,2.0122,255,176,0,255,105
115801.1333,115800.0333,195,5.011,5.011,11.785,2.0653,2.0122,255,178,0,255,105
116401.1333,116400.0333,196,5.01,5.01,11.785,2.065,2.0122,255,179,0,255,105
117001.1333,117000.0333,197,5.028,5.028,11.819,2.0651,2.0122,255,178,0,255,105
117601.1333,117600.0333,198,5.025,5.025,11.814,2.0655,2.0122,255,176,0,255,105
118201.1333,118200.0333,199,5.023,5.023,11.809,2.0654,2.0122,255,178,0,255,105
118801.1333,118800.0333,200,5.019,5.019,11.803,2.0652,2.0122,255,175,0,255,105
119401.1333,119400.0333,201,5.025,5.025,11.815,2.0651,2.0122,255,178,0,255,105
120001.1333,120000.0333,202,4.963,4.963,11.69,2.0648,2.0465,255,179,0,255,105
120601.1333,120600.0333,203,4.949,4.949,11.662,2.0654,2.0465,255,177,0,255,105
121201.1333,121200.0333,204,4.954,4.954,11.672,2.0652,2.0465,255,179,0,255,105
121801.1333,121800.0333,205,4.964,4.964,11.694,2.0649,2.0465,255,177,0,255,105
122401.1333,122400.0333,206,4.959,4.959,11.682,2.0651,2.0465,255,179,0,255,105
123001.1333,123000.0333,207,4.976,4.976,11.718,2.065,2.0465,255,178,0,255,105
123601.1333,123600.0333,208,5.079,5.079,11.912,2.0663,2.0465,255,178,0,255,105
124201.1333,124200.0333,209,5.08,5.08,11.91,2.0667,2.0465,255,176,0,255,105
124801.1333,124800.0333,210,5.114,5.114,11.978,2.0672,2.0465,255,178,0,255,105
125401.1333,125400.0333,211,5.122,5.122,11.993,2.067,2.0465,255,178,0,255,105
126001.1333,126000.0333,212,5.081,5.081,11.911,2.067,2.0465,255,177,0,255,105
126601.1333,126600.0333,213,5.088,5.088,11.925,2.0673,2.0465,255,178,0,255,105
127201.1333,127200.0333,214,5.095,5.095,11.939,2.0669,2.0465,255,179,0,255,105
127801.1333,127800.0333,215,5.084,5.084,11.918,2.0673,2.0465,255,179,0,255,105
128401.1333,128400.0333,216,5.121,5.121,11.989,2.0676,2.0465,255,178,0,255,105
129001.1333,129000.0333,217,5.119,5.119,11.987,2.067,2.0465,255,181,0,255,105
129601.1333,129600.0333,218,5.108,5.108,11.964,2.0675,2.055,255,178,0,255,105
130201.1333,130200.0333,219,5.093,5.093,11.934,2.0669,2.0122,255,181,0,255,105
130801.1333,130800.0333,220,5.118,5.118,11.984,2.0675,2.0122,255,180,0,255,105
131401.1333,131400.0333,221,5.093,5.093,11.935,2.0675,2.0122,255,178,0,255,105
132001.1333,132000.0333,222,5.09,5.09,11.927,2.0672,2.055,255,178,0,255,105
132601.1333,132600.0333,223,5.051,5.051,11.852,2.0677,2.055,255,179,0,255,105
133201.1333,133200.0333,224,5.072,5.072,11.892,2.0674,2.055,255,179,0,255,105
133801.1333,133800.0333,225,5.077,5.077,11.904,2.067,2.055,255,180,0,255,105
134401.1333,134400.0333,226,5.08,5.08,11.909,2.0676,2.055,255,178,0,255,105
135001.1333,135000.0333,227,5.093,5.093,11.936,2.0671,2.055,255,176,0,255,105
135601.1333,135600.0333,228,5.091,5.091,11.93,2.0674,2.055,255,179,0,255,105
136201.1333,136200.0333,229,5.083,5.083,11.914,2.0673,2.055,255,180,0,255,105
136801.1333,136800.0333,230,5.106,5.106,11.961,2.0672,2.055,255,180,0,255,105
137401.1333,137400.0333,231,5.108,5.108,11.963,2.0672,2.055,255,179,0,255,105
138001.1333,138000.0333,232,5.095,5.095,11.938,2.0671,2.055,255,179,0,255,105
138601.1333,138600.0333,233,5.092,5.092,11.932,2.0675,2.055,255,179,0,255,105
139201.1333,139200.0333,234,5.107,5.107,11.961,2.0676,2.055,255,179,0,255,105
139801.1333,139800.0333,235,5.117,5.117,11.982,2.0671,2.055,255,178,0,255,105
140401.1333,140400.0333,236,5.107,5.107,11.963,2.0674,2.055,255,180,0,255,105
141001.1333,141000.0333,237,5.144,5.144,12.037,2.068,2.0379,255,182,0,255,105
141601.1333,141600.0333,238,5.191,5.191,12.12,2.0681,2.055,255,180,0,255,105
142201.1333,142200.0333,239,5.209,5.209,12.153,2.0692,2.055,255,180,0,255,105
142801.1333,142800.0333,240,5.211,5.211,12.157,2.0694,2.055,255,180,0,255,105
143401.1333,143400.0333,241,5.191,5.191,12.117,2.0695,2.055,255,176,0,255,105
144001.1333,144000.0333,242,5.179,5.179,12.093,2.0697,2.055,255,180,0,255,105
144601.1333,144600.0333,243,5.203,5.203,12.141,2.0697,2.055,255,180,0,255,105
145201.1333,145200.0333,244,5.201,5.201,12.138,2.0697,2.055,255,178,0,255,105
145801.1333,145800.0333,245,5.231,5.231,12.194,2.07,2.055,255,178,0,255,105
146401.1333,146400.0333,246,5.236,5.236,12.204,2.0699,2.055,255,176,0,255,105
147001.1333,147000.0333,247,5.221,5.221,12.175,2.07,2.055,255,179,0,255,105
147601.1333,147600.0333,248,5.212,5.212,12.16,2.0698,2.055,255,178,0,255,105
148201.1333,148200.0333,249,5.22,5.22,12.173,2.0697,2.055,255,180,0,255,105
148801.1333,148800.0333,250,5.216,5.216,12.165,2.0703,2.0465,255,178,0,255,105
149401.1333,149400.0333,251,5.206,5.206,12.145,2.07,2.0465,255,178,0,255,105
150001.1333,150000.0333,252,5.214,5.214,12.165,2.0697,2.0465,255,178,0,255,105
150601.1333,150600.0333,253,5.228,5.228,12.189,2.07,2.0465,255,177,0,255,105
151201.1333,151200.0333,254,5.218,5.218,12.171,2.0698,2.0465,255,178,0,255,105
151801.1333,151800.0333,255,5.214,5.214,12.162,2.07,2.0465,255,179,0,255,105
152401.1333,152400.0333,256,5.221,5.221,12.176,2.0701,2.0465,255,178,0,255,105
153001.1333,153000.0333,257,5.221,5.221,12.176,2.0699,2.0465,255,180,0,255,105
153601.1333,153600.0333,258,5.208,5.208,12.151,2.0699,2.0379,255,178,0,255,105
154201.1333,154200.0333,259,5.192,5.192,12.119,2.07,2.0379,255,179,0,255,105
154801.1333,154800.0333,260,5.195,5.195,12.125,2.0697,2.0379,255,178,0,255,105
155401.1333,155400.0333,261,5.196,5.196,12.126,2.0697,2.0379,255,179,0,255,105
156001.1333,156000.0333,262,5.2,5.2,12.134,2.07,2.0379,255,179,0,255,105
156601.1333,156600.0333,263,5.196,5.196,12.126,2.0702,2.0379,255,176,0,255,105
157201.1333,157200.0333,264,5.174,5.174,12.083,2.0698,2.0379,255,178,0,255,105
157801.1333,157800.0333,265,5.179,5.179,12.093,2.0699,2.0379,255,177,0,255,105
158401.1333,158400.0333,266,5.196,5.196,12.126,2.07,2.0379,255,190,0,255,105
159001.1333,159000.0333,267,5.221,5.221,12.175,2.07,2.0379,255,179,0,255,105
159601.1333,159600.0333,268,5.331,5.331,12.39,2.0711,2.0379,255,181,0,255,105
160201.1333,160200.0333,269,5.319,5.319,12.363,2.0714,2.055,255,181,0,255,105
160801.1333,160800.0333,270,5.335,5.335,12.394,2.0722,2.0465,255,180,0,255,105
161401.1333,161400.0333,271,5.327,5.327,12.379,2.0724,2.0465,255,178,0,255,105
162001.1333,162000.0333,272,5.329,5.329,12.383,2.0725,2.0465,255,180,0,255,105
162601.1333,162600.0333,273,5.348,5.348,12.417,2.0726,2.0465,255,179,0,255,105
163201.1333,163200.0333,274,5.359,5.359,12.44,2.0729,2.0636,255,181,0,255,105
163801.1333,163800.0333,275,5.362,5.362,12.446,2.0731,2.0636,255,181,0,255,105
164401.1333,164400.0333,276,5.321,5.321,12.364,2.0729,2.055,255,178,0,255,105
165001.1333,165000.0333,277,5.299,5.299,12.323,2.0729,2.055,255,179,0,255,105
165601.1333,165600.0333,278,5.308,5.308,12.34,2.0729,2.055,255,180,0,255,105
166201.1333,166200.0333,279,5.314,5.314,12.352,2.073,2.055,255,180,0,255,105
166801.1333,166800.0333,280,5.328,5.328,12.377,2.0729,2.055,255,181,0,255,105
167401.1333,167400.0333,281,5.326,5.326,12.375,2.0729,2.055,255,181,0,255,105
168001.1333,168000.0333,282,5.33,5.33,12.384,2.0728,2.055,255,178,0,255,105
168601.1333,168600.0333,283,5.348,5.348,12.417,2.0731,2.055,255,180,0,255,105
169201.1333,169200.0333,284,5.347,5.347,12.416,2.0731,2.055,255,181,0,255,105
169801.1333,169800.0333,285,5.34,5.34,12.402,2.073,2.055,255,180,0,255,105
170401.1333,170400.0333,286,5.363,5.363,12.447,2.073,2.0636,255,181,0,255,105
171001.1333,171000.0333,287,5.362,5.362,12.445,2.073,2.0636,255,180,0,255,105
171601.1333,171600.0333,288,5.361,5.361,12.444,2.0729,2.0636,255,179,0,255,105
172201.1333,172200.0333,289,5.342,5.342,12.405,2.0733,2.0379,255,179,0,255,105
172801.1333,172800.0333,290,5.331,5.331,12.385,2.0728,2.0465,255,179,0,255,105
173401.1333,173400.0333,291,5.314,5.314,12.351,2.0732,2.0465,255,179,0,255,105
174001.1333,174000.0333,292,5.324,5.324,12.37,2.073,2.0465,255,178,0,255,105
174601.1333,174600.0333,293,5.321,5.321,12.365,2.0733,2.0465,255,178,0,255,105
175201.1333,175200.0333,294,5.303,5.303,12.329,2.073,2.0465,255,178,0,255,105
175801.1333,175800.0333,295,5.333,5.333,12.388,2.0731,2.0465,255,178,0,255,105
176401.1333,176400.0333,296,5.343,5.343,12.41,2.0729,2.0465,255,179,0,255,105
177001.1333,177000.0333,297,5.442,5.442,12.609,2.0744,2.0465,255,179,0,255,105
177601.1333,177600.0333,298,5.456,5.456,12.633,2.0751,2.0379,255,180,0,255,105
178201.1333,178200.0333,299,5.475,5.475,12.67,2.0752,2.0379,255,180,0,255,105
178801.1333,178800.0333,300,5.465,5.465,12.65,2.0756,2.0379,255,181,0,255,105
179401.1333,179400.0333,301,5.451,5.451,12.621,2.076,2.0636,255,180,0,255,105
180001.1333,180000.0333,302,5.468,5.468,12.656,2.0758,2.0636,255,182,0,255,105
180601.1333,180600.0333,303,5.465,5.465,12.648,2.076,2.0636,255,181,0,255,105
181201.1333,181200.0333,304,5.475,5.475,12.669,2.0761,2.0636,255,179,0,255,105
181801.1333,181800.0333,305,5.482,5.482,12.681,2.0761,2.0636,255,180,0,255,105
182401.1333,182400.0333,306,5.442,5.442,12.604,2.0762,2.0465,255,178,0,255,105
183001.1333,183000.0333,307,5.458,5.458,12.634,2.0761,2.0465,255,180,0,255,105
183601.1333,183600.0333,308,5.461,5.461,12.641,2.0763,2.0465,255,180,0,255,105
184201.1333,184200.0333,309,5.471,5.471,12.661,2.0762,2.0465,255,181,0,255,105
184801.1333,184800.0333,310,5.474,5.474,12.664,2.0763,2.0465,255,181,0,255,105
185401.1333,185400.0333,311,5.459,5.459,12.637,2.0764,2.0465,255,179,0,255,105
186001.1333,186000.0333,312,5.474,5.474,12.666,2.0763,2.0465,255,181,0,255,105
186601.1333,186600.0333,313,5.489,5.489,12.696,2.0762,2.0465,255,182,0,255,105
187201.1333,187200.0333,314,5.486,5.486,12.689,2.0767,2.0465,255,181,0,255,105
187801.1333,187800.0333,315,5.487,5.487,12.69,2.0764,2.0465,255,181,0,255,105
188401.1333,188400.0333,316,5.493,5.493,12.702,2.0764,2.0465,255,182,0,255,105
189001.1333,189000.0333,317,5.502,5.502,12.72,2.0763,2.0465,255,182,0,255,105
189601.1333,189600.0333,318,5.457,5.457,12.632,2.0768,2.0379,255,182,0,255,105
190201.1333,190200.0333,319,5.468,5.468,12.654,2.0768,2.0379,255,181,0,255,105
190801.1333,190800.0333,320,5.442,5.442,12.602,2.0765,2.0379,255,179,0,255,105
191401.1333,191400.0333,321,5.45,5.45,12.619,2.0763,2.0379,255,180,0,255,105
192001.1333,192000.0333,322,5.453,5.453,12.625,2.0765,2.0379,255,179,0,255,105
192601.1333,192600.0333,323,5.478,5.478,12.675,2.0766,2.0465,255,180,0,255,105
193201.1333,193200.0333,324,5.463,5.463,12.644,2.0766,2.055,255,180,0,255,105
193801.1333,193800.0333,325,5.472,5.472,12.662,2.0768,2.055,255,181,0,255,105
194401.1333,194400.0333,326,5.484,5.484,12.685,2.0766,2.055,255,185,0,255,105
195001.1333,195000.0333,327,5.531,5.531,12.793,2.0764,2.055,255,181,0,255,105
195601.1333,195600.0333,328,5.584,5.584,12.903,2.0777,2.055,255,179,0,255,105
196201.1333,196200.0333,329,5.619,5.619,12.971,2.0782,2.055,255,179,0,255,105
196801.1333,196800.0333,330,5.59,5.59,12.912,2.0786,2.0722,255,180,0,255,105
197401.1333,197400.0333,331,5.591,5.591,12.916,2.0787,2.0722,255,181,0,255,105
198001.1333,198000.0333,332,5.595,5.595,12.923,2.0791,2.0722,255,181,0,255,105
198601.1333,198600.0333,333,5.608,5.608,12.948,2.0793,2.0722,255,179,0,255,105
199201.1333,199200.0333,334,5.61,5.61,12.95,2.0794,2.055,255,182,0,255,105
199801.1333,199800.0333,335,5.613,5.613,12.959,2.0796,2.055,255,177,0,255,105
200401.1333,200400.0333,336,5.626,5.626,12.985,2.0795,2.055,255,180,0,255,105
201001.1333,201000.0333,337,5.62,5.62,12.973,2.0797,2.055,255,184,0,255,105
201601.1333,201600.0333,338,5.613,5.613,12.958,2.0795,2.055,255,180,0,255,105
202201.1333,202200.0333,339,5.618,5.618,12.969,2.0797,2.0722,255,180,0,255,105
202801.1333,202800.0333,340,5.627,5.627,12.986,2.0797,2.0722,255,179,0,255,105
203401.1333,203400.0333,341,5.629,5.629,12.988,2.0797,2.0722,255,183,0,255,105
204001.1333,204000.0333,342,5.578,5.578,12.891,2.0797,2.0465,255,180,0,255,105
204601.1333,204600.0333,343,5.588,5.588,12.91,2.0801,2.0465,255,181,0,255,105
205201.1333,205200.0333,344,5.566,5.566,12.866,2.0797,2.0465,255,177,0,255,105
205801.1333,205800.0333,345,5.587,5.587,12.906,2.0799,2.0465,255,181,0,255,105
206401.1333,206400.0333,346,5.597,5.597,12.927,2.0801,2.0465,255,181,0,255,105
207001.1333,207000.0333,347,5.596,5.596,12.925,2.0802,2.0465,255,178,0,255,105
207601.1333,207600.0333,348,5.583,5.583,12.901,2.0796,2.0465,255,179,0,255,105
208201.1333,208200.0333,349,5.599,5.599,12.931,2.08,2.0465,255,180,0,255,105
208801.1333,208800.0333,350,5.591,5.591,12.916,2.0799,2.0465,255,182,0,255,105
209401.1333,209400.0333,351,5.611,5.611,12.952,2.0805,2.0465,255,180,0,255,105
210001.1333,210000.0333,352,5.607,5.607,12.945,2.0801,2.0465,255,181,0,255,105
210601.1333,210600.0333,353,5.617,5.617,12.966,2.0803,2.0465,255,180,0,255,105
211201.1333,211200.0333,354,5.623,5.623,12.977,2.08,2.0465,255,182,0,255,105
211801.1333,211800.0333,355,5.576,5.576,12.887,2.0802,2.0379,255,181,0,255,105
212401.1333,212400.0333,356,5.689,5.689,13.163,2.0816,2.055,255,180,0,255,105
213001.1333,213000.0333,357,5.716,5.716,13.214,2.0824,2.0208,255,179,0,255,105
213601.1333,213600.0333,358,5.716,5.716,13.212,2.0827,2.0208,255,180,0,255,105
214201.1333,214200.0333,359,5.673,5.673,13.129,2.0831,2.0379,255,180,0,255,105
214801.1333,214800.0333,360,5.696,5.696,13.174,2.0836,2.0379,255,181,0,255,105
215401.1333,215400.0333,361,5.696,5.696,13.172,2.0836,2.0379,255,184,0,255,105
216001.1333,216000.0333,362,5.744,5.744,13.268,2.0837,2.055,255,183,0,255,105
216601.1333,216600.0333,363,5.746,5.746,13.271,2.0838,2.0636,255,180,0,255,105
217201.1333,217200.0333,364,5.75,5.75,13.278,2.0836,2.0636,255,183,0,255,105
217801.1333,217800.0333,365,5.749,5.749,13.278,2.0837,2.0636,255,180,0,255,105
218401.1333,218400.0333,366,5.729,5.729,13.237,2.0837,2.0465,255,182,0,255,105
219001.1333,219000.0333,367,5.707,5.707,13.195,2.0837,2.0465,255,182,0,255,105
219601.1333,219600.0333,368,5.723,5.723,13.227,2.0836,2.0465,255,182,0,255,105
220201.1333,220200.0333,369,5.746,5.746,13.271,2.0837,2.0465,255,181,0,255,105
220801.1333,220800.0333,370,5.74,5.74,13.26,2.0837,2.0465,255,181,0,255,105
221401.1333,221400.0333,371,5.747,5.747,13.273,2.0839,2.0465,255,181,0,255,105
222001.1333,222000.0333,372,5.729,5.729,13.238,2.0839,2.0465,255,180,0,255,105
222601.1333,222600.0333,373,5.754,5.754,13.286,2.0838,2.0465,255,183,0,255,105
223201.1333,223200.0333,374,5.747,5.747,13.274,2.0838,2.0465,255,180,0,255,105
223801.1333,223800.0333,375,5.752,5.752,13.283,2.0839,2.0465,255,180,0,255,105
224401.1333,224400.0333,376,5.735,5.735,13.25,2.0837,2.0465,255,182,0,255,105
225001.1333,225000.0333,377,5.725,5.725,13.23,2.0837,2.0636,255,182,0,255,105
225601.1333,225600.0333,378,5.713,5.713,13.208,2.0837,2.0636,255,182,0,255,105
226201.1333,226200.0333,379,5.697,5.697,13.176,2.0836,2.0636,255,182,0,255,105
226801.1333,226800.0333,380,5.715,5.715,13.212,2.0835,2.0636,255,182,0,255,105
227401.1333,227400.0333,381,5.717,5.717,13.216,2.0835,2.0636,255,182,0,255,105
228001.1333,228000.0333,382,5.724,5.724,13.23,2.0837,2.0636,255,184,0,255,105
228601.1333,228600.0333,383,5.713,5.713,13.206,2.0837,2.0636,255,182,0,255,105
229201.1333,229200.0333,384,5.704,5.704,13.19,2.0839,2.0636,255,181,0,255,105
229801.1333,229800.0333,385,5.725,5.725,13.231,2.0838,2.0636,255,182,0,255,105
230401.1333,230400.0333,386,5.736,5.736,13.251,2.0838,2.0636,255,182,0,255,105
231001.1333,231000.0333,387,5.727,5.727,13.235,2.0837,2.0636,255,182,0,255,105
231601.1333,231600.0333,388,5.798,5.798,13.469,2.0847,2.0807,255,181,0,255,105
232201.1333,232200.0333,389,5.816,5.816,13.515,2.0855,2.0722,255,182,0,255,105
232801.1333,232800.0333,390,5.84,5.84,13.565,2.0861,2.0465,255,181,0,255,105
233401.1333,233400.0333,391,5.852,5.852,13.614,2.0865,2.0465,255,182,0,255,105
234001.1333,234000.0333,392,5.865,5.865,13.638,2.0866,2.0465,255,182,0,255,105
234601.1333,234600.0333,393,5.841,5.841,13.591,2.0867,2.0465,255,181,0,255,105
235201.1333,235200.0333,394,5.869,5.869,13.645,2.0868,2.055,255,181,0,255,105
235801.1333,235800.0333,395,5.852,5.852,13.612,2.0871,2.055,255,181,0,255,105
236401.1333,236400.0333,396,5.851,5.851,13.611,2.0869,2.055,255,183,0,255,105
237001.1333,237000.0333,397,5.862,5.862,13.63,2.0869,2.055,255,181,0,255,105
237601.1333,237600.0333,398,5.867,5.867,13.642,2.0868,2.055,255,182,0,255,105
238201.1333,238200.0333,399,5.858,5.858,13.624,2.087,2.055,255,182,0,255,105
238801.1333,238800.0333,400,5.858,5.858,13.626,2.0867,2.055,255,180,0,255,105
239401.1333,239400.0333,401,5.855,5.855,13.618,2.0869,2.055,255,181,0,255,105
240001.1333,240000.0333,402,5.86,5.86,13.627,2.087,2.0722,255,184,0,255,105
240601.1333,240600.0333,403,5.834,5.834,13.576,2.087,2.0722,255,182,0,255,105
241201.1333,241200.0333,404,5.864,5.864,13.635,2.0869,2.0722,255,181,0,255,105
241801.1333,241800.0333,405,5.843,5.843,13.595,2.0867,2.0722,255,182,0,255,105
242401.1333,242400.0333,406,5.865,5.865,13.637,2.087,2.0722,255,180,0,255,105
243001.1333,243000.0333,407,5.869,5.869,13.646,2.0869,2.0722,255,182,0,255,105
243601.1333,243600.0333,408,5.849,5.849,13.605,2.087,2.0465,255,182,0,255,105
244201.1333,244200.0333,409,5.836,5.836,13.585,2.0868,2.0465,255,179,0,255,105
244801.1333,244800.0333,410,5.871,5.871,13.651,2.0869,2.0465,255,185,0,255,105
245401.1333,245400.0333,411,5.856,5.856,13.62,2.087,2.0465,255,183,0,255,105
246001.1333,246000.0333,412,5.853,5.853,13.612,2.087,2.0465,255,182,0,255,105
246601.1333,246600.0333,413,5.84,5.84,13.588,2.0869,2.0465,255,182,0,255,105
247201.1333,247200.0333,414,5.85,5.85,13.609,2.0869,2.0465,255,180,0,255,105
247801.1333,247800.0333,415,5.858,5.858,13.625,2.0866,2.0465,255,183,0,255,105
248401.1333,248400.0333,416,5.857,5.857,13.623,2.0869,2.0465,255,180,0,255,105
249001.1333,249000.0333,417,5.855,5.855,13.619,2.0869,2.0465,255,182,0,255,105
249601.1333,249600.0333,418,5.813,5.813,13.537,2.087,2.0465,255,179,0,255,105
250201.1333,250200.0333,419,5.788,5.788,13.49,2.0867,2.0465,255,182,0,255,105
250801.1333,250800.0333,420,5.827,5.827,13.564,2.087,2.0465,255,181,0,255,105
251401.1333,251400.0333,421,5.813,5.813,13.536,2.0872,2.0465,255,188,0,255,105
252001.1333,252000.0333,422,5.677,5.677,13.116,2.084,2.0465,255,181,0,255,105
252601.1333,252600.0333,423,5.623,5.623,13.014,2.0832,2.0465,255,185,0,255,105
253201.1333,253200.0333,424,5.641,5.641,13.05,2.0825,2.0636,255,182,0,255,105
253801.1333,253800.0333,425,5.617,5.617,13.004,2.0822,2.0636,255,184,0,255,105
254401.1333,254400.0333,426,5.621,5.621,13.01,2.082,2.0294,255,184,0,255,105
255001.1333,255000.0333,427,5.634,5.634,13.036,2.0816,2.0037,255,182,0,255,105
255601.1333,255600.0333,428,5.624,5.624,13.018,2.0816,2.0037,255,184,0,255,105
256201.1333,256200.0333,429,5.635,5.635,13.039,2.0817,2.0037,255,182,0,255,105
256801.1333,256800.0333,430,5.617,5.617,13.004,2.0813,2.0294,255,181,0,255,105
257401.1333,257400.0333,431,5.625,5.625,13.019,2.0817,2.0294,255,182,0,255,105
258001.1333,258000.0333,432,5.625,5.625,13.021,2.0816,2.0294,255,181,0,255,105
258601.1333,258600.0333,433,5.644,5.644,13.055,2.0816,2.0465,255,182,0,255,105
259201.1333,259200.0333,434,5.634,5.634,13.036,2.0815,2.055,255,184,0,255,105
259801.1333,259800.0333,435,5.663,5.663,13.093,2.0816,2.055,255,182,0,255,105
260401.1333,260400.0333,436,5.656,5.656,13.081,2.0818,2.055,255,182,0,255,105
261001.1333,261000.0333,437,5.639,5.639,13.045,2.0819,2.055,255,186,0,255,105
261601.1333,261600.0333,438,5.455,5.455,12.645,2.0794,2.0379,255,181,0,255,105
262201.1333,262200.0333,439,5.442,5.442,12.624,2.0785,2.0636,255,184,0,255,105
262801.1333,262800.0333,440,5.454,5.454,12.65,2.0776,2.055,255,182,0,255,105
263401.1333,263400.0333,441,5.451,5.451,12.645,2.077,2.055,255,182,0,255,105
264001.1333,264000.0333,442,5.439,5.439,12.621,2.0772,2.055,255,183,0,255,105
264601.1333,264600.0333,443,5.449,5.449,12.641,2.077,2.0294,255,182,0,255,105
265201.1333,265200.0333,444,5.448,5.448,12.639,2.0766,2.0379,255,182,0,255,105
265801.1333,265800.0333,445,5.427,5.427,12.598,2.0765,2.0379,255,182,0,255,105
266401.1333,266400.0333,446,5.426,5.426,12.594,2.0767,2.0379,255,181,0,255,105
267001.1333,267000.0333,447,5.415,5.415,12.575,2.0763,2.0379,255,182,0,255,105
267601.1333,267600.0333,448,5.453,5.453,12.65,2.076,2.0208,255,182,0,255,105
268201.1333,268200.0333,449,5.449,5.449,12.641,2.0763,2.0208,255,181,0,255,105
268801.1333,268800.0333,450,5.435,5.435,12.614,2.076,2.0208,255,181,0,255,105
269401.1333,269400.0333,451,5.448,5.448,12.639,2.0763,2.0465,255,182,0,255,105
270001.1333,270000.0333,452,5.439,5.439,12.621,2.0759,2.0465,255,183,0,255,105
270601.1333,270600.0333,453,5.439,5.439,12.622,2.0758,2.0465,255,183,0,255,105
271201.1333,271200.0333,454,5.43,5.43,12.604,2.0757,2.0465,255,182,0,255,105
271801.1333,271800.0333,455,5.451,5.451,12.644,2.0758,2.0208,255,181,0,255,105
272401.1333,272400.0333,456,5.458,5.458,12.658,2.076,2.0208,255,177,0,255,105
273001.1333,273000.0333,457,5.344,5.344,12.418,2.0739,2.0379,255,183,0,255,105
273601.1333,273600.0333,458,5.26,5.26,12.266,2.0731,2.0379,255,182,0,255,105
274201.1333,274200.0333,459,5.259,5.259,12.265,2.0724,2.0379,255,181,0,255,105
274801.1333,274800.0333,460,5.273,5.273,12.294,2.0721,2.0379,255,182,0,255,105
275401.1333,275400.0333,461,5.253,5.253,12.257,2.0714,2.0379,255,182,0,255,105
276001.1333,276000.0333,462,5.256,5.256,12.262,2.0715,2.0379,255,184,0,255,105
276601.1333,276600.0333,463,5.273,5.273,12.295,2.0712,2.0379,255,182,0,255,105
277201.1333,277200.0333,464,5.28,5.28,12.31,2.071,2.0379,255,182,0,255,105
277801.1333,277800.0333,465,5.255,5.255,12.261,2.0711,2.0379,255,181,0,255,105
278401.1333,278400.0333,466,5.255,5.255,12.261,2.071,2.0379,255,182,0,255,105
279001.1333,279000.0333,467,5.237,5.237,12.226,2.071,2.0379,255,184,0,255,105
279601.1333,279600.0333,468,5.248,5.248,12.246,2.0708,2.055,255,182,0,255,105
280201.1333,280200.0333,469,5.236,5.236,12.224,2.071,2.055,255,184,0,255,105
280801.1333,280800.0333,470,5.249,5.249,12.247,2.0708,2.055,255,181,0,255,105
281401.1333,281400.0333,471,5.256,5.256,12.262,2.0708,2.0208,255,183,0,255,105
282001.1333,282000.0333,472,5.239,5.239,12.229,2.0708,2.0208,255,183,0,255,105
282601.1333,282600.0333,473,5.253,5.253,12.255,2.0708,2.0208,255,181,0,255,105
283201.1333,283200.0333,474,5.257,5.257,12.264,2.0708,2.0208,255,181,0,255,105
283801.1333,283800.0333,475,5.258,5.258,12.266,2.0708,2.0208,255,180,0,255,105
284401.1333,284400.0333,476,5.253,5.253,12.255,2.0709,2.0208,255,182,0,255,105
285001.1333,285000.0333,477,5.247,5.247,12.245,2.0706,2.0208,255,181,0,255,105
285601.1333,285600.0333,478,5.259,5.259,12.27,2.0707,2.0208,255,182,0,255,105
286201.1333,286200.0333,479,5.267,5.267,12.285,2.0706,2.0208,255,181,0,255,105
286801.1333,286800.0333,480,5.262,5.262,12.275,2.0704,2.0208,255,183,0,255,105
287401.1333,287400.0333,481,5.279,5.279,12.306,2.0708,2.0636,255,183,0,255,105
288001.1333,288000.0333,482,5.267,5.267,12.283,2.0711,2.0636,255,186,0,255,105
288601.1333,288600.0333,483,5.089,5.089,11.939,2.069,2.0636,255,182,0,255,105
289201.1333,289200.0333,484,5.079,5.079,11.922,2.0685,2.0294,255,182,0,255,105
289801.1333,289800.0333,485,5.09,5.09,11.949,2.0674,2.0379,255,183,0,255,105
290401.1333,290400.0333,486,5.106,5.106,11.979,2.0675,2.0379,255,181,0,255,105
291001.1333,291000.0333,487,5.061,5.061,11.892,2.0671,2.0379,255,182,0,255,105
291601.1333,291600.0333,488,5.08,5.08,11.93,2.0669,2.0636,255,180,0,255,105
292201.1333,292200.0333,489,5.092,5.092,11.953,2.0667,2.0379,255,181,0,255,105
292801.1333,292800.0333,490,5.094,5.094,11.956,2.0667,2.0379,255,182,0,255,105
293401.1333,293400.0333,491,5.071,5.071,11.911,2.0667,2.0379,255,181,0,255,105
294001.1333,294000.0333,492,5.088,5.088,11.945,2.0666,2.0379,255,181,0,255,105
294601.1333,294600.0333,493,5.078,5.078,11.925,2.0667,2.0379,255,179,0,255,105
295201.1333,295200.0333,494,5.073,5.073,11.914,2.0665,2.0379,255,181,0,255,105
295801.1333,295800.0333,495,5.093,5.093,11.956,2.0662,2.0294,255,182,0,255,105
296401.1333,296400.0333,496,5.078,5.078,11.925,2.0664,2.0294,255,182,0,255,105
297001.1333,297000.0333,497,5.082,5.082,11.932,2.0664,2.0208,255,180,0,255,105
297601.1333,297600.0333,498,5.081,5.081,11.932,2.0666,2.0208,255,180,0,255,105
298201.1333,298200.0333,499,5.064,5.064,11.897,2.0664,2.0208,255,181,0,255,105
298801.1333,298800.0333,500,5.072,5.072,11.913,2.066,2.0208,255,184,0,255,105
299401.1333,299400.0333,501,5.07,5.07,11.909,2.0663,2.0208,255,181,0,255,105
