Run,Graph,Index,Y_Axis          Y2_Axis,Data,Data,Data,Data,Data,Data,Data,Data,Data,Data,Data,Data,Data,Data,Data,Data            Data
Secs,Secs,,PndVol,IFT,PndVol,PndArea,TipWdth,WetTipW,Diam,LYb,LYBeta,LYErr,ApexX,ApexY,Contrst,Sharp,Black,White,Edge            Dist
1.1,0,1,3.663,16.65,3.663,9.4066,2.0606,2.0558,2.033,0.9093,-0.4868,3.55E-03,2.24E+00,2.7501,235,175,20,255,117
1.1333,0.0333,2,3.704,16.65,3.704,9.4872,2.0606,2.0582,2.0333,0.9094,-0.4867,3.56E-03,2.24E+00,2.7467,235,170,20,255,117
601.1333,600.0333,3,3.7,16.57,3.7,9.4796,2.0605,2.0591,2.0335,0.9089,-0.4885,3.67E-03,2.24E+00,2.7623,235,170,20,255,117
1201.1333,1200.0333,4,3.66,16.63,3.66,9.3978,2.06,2.0555,2.0336,0.9094,-0.4873,3.65E-03,2.24E+00,2.7659,235,172,20,255,117
1801.1333,1800.0333,5,3.758,16.63,3.758,9.601,2.061,2.0563,2.0331,0.9093,-0.4873,3.83E-03,2.25E+00,2.7633,236,176,19,255,116
2401.1333,2400.0333,6,3.811,16.53,3.811,9.714,2.0608,2.059,2.0333,0.9087,-0.4897,4.00E-03,2.24E+00,2.7721,234,169,21,255,118
3001.1333,3000.0333,7,3.654,16.63,3.654,9.3869,2.0612,2.0587,2.033,0.9092,-0.487,3.43E-03,2.24E+00,2.7719,235,172,20,255,117
3601.1333,3600.0333,8,3.754,16.57,3.754,9.5921,2.0608,2.0551,2.0331,0.9089,-0.4887,3.62E-03,2.24E+00,2.771,233,177,22,255,118
4201.1333,4200.0333,9,3.681,16.77,3.681,9.44,2.0602,2.0596,2.034,0.9104,-0.4844,3.53E-03,2.24E+00,2.7806,234,173,21,255,118
4801.1333,4800.0333,10,3.695,16.62,3.695,9.4682,2.0608,2.0563,2.0333,0.9091,-0.4874,3.64E-03,2.24E+00,2.7772,235,177,20,255,117
5401.1333,5400.0333,11,3.678,16.64,3.678,9.438,2.0615,2.0608,2.0327,0.9091,-0.4867,3.76E-03,2.24E+00,2.7807,235,171,20,255,117
6001.1333,6000.0333,12,3.784,16.57,3.784,9.6578,2.0606,2.0595,2.0337,0.909,-0.4887,3.68E-03,2.24E+00,2.7887,235,171,20,255,117
6601.1333,6600.0333,13,3.7,16.56,3.7,9.4787,2.0603,2.0595,2.0342,0.909,-0.4888,4.03E-03,2.25E+00,2.7871,236,175,19,255,116
7201.1333,7200.0333,14,3.686,16.66,3.686,9.4508,2.0605,2.0569,2.034,0.9096,-0.4865,3.62E-03,2.24E+00,2.7909,235,172,20,255,117
7801.1333,7800.0333,15,3.694,16.64,3.694,9.4674,2.0611,2.0593,2.0333,0.9093,-0.4869,3.39E-03,2.24E+00,2.7845,237,174,18,255,116
8401.1333,8400.0333,16,3.663,16.66,3.663,9.4044,2.0602,2.0577,2.034,0.9096,-0.4867,3.95E-03,2.24E+00,2.7917,235,167,20,255,117
9001.1333,9000.0333,17,3.658,16.66,3.658,9.3955,2.0606,2.0561,2.0334,0.9096,-0.4866,3.46E-03,2.24E+00,2.7897,235,172,20,255,117
9601.1333,9600.0333,18,3.64,16.62,3.64,9.3578,2.0597,2.0583,2.0343,0.9095,-0.4878,3.75E-03,2.25E+00,2.8009,236,170,19,255,116
10201.1333,10200.0333,19,3.687,16.73,3.687,9.4531,2.0602,2.0566,2.034,0.9101,-0.4852,3.45E-03,2.24E+00,2.7988,235,170,20,255,117
10801.1333,10800.0333,20,3.669,13.99,3.669,9.426,2.0647,2.0522,2.0293,0.9052,-0.4938,4.39E-03,2.24E+00,2.7986,234,171,21,255,118
11401.1333,11400.0333,21,3.701,16.53,3.701,9.4808,2.06,2.0599,2.0339,0.9088,-0.4896,4.26E-03,2.25E+00,2.8042,237,175,18,255,116
12001.1333,12000.0333,22,3.682,16.67,3.682,9.4428,2.0602,2.0591,2.0339,0.9098,-0.4865,3.39E-03,2.24E+00,2.7972,237,170,18,255,116
12601.1333,12600.0333,23,3.681,16.62,3.681,9.4412,2.0597,2.0612,2.0345,0.9095,-0.4879,3.59E-03,2.25E+00,2.8057,235,178,20,255,117
13201.1333,13200.0333,24,3.794,15.47,3.794,9.6751,2.0605,2.063,2.0299,0.8996,-0.5127,4.52E-03,2.24E+00,2.8333,235,171,20,255,117
13801.1333,13800.0333,25,3.788,15.46,3.788,9.6572,2.0609,2.061,2.0315,0.9,-0.5134,3.70E-03,2.25E+00,2.8547,235,170,20,255,117
14401.1333,14400.0333,26,3.761,15.43,3.761,9.6052,2.0621,2.0607,2.0309,0.8996,-0.5139,3.54E-03,2.25E+00,2.8544,237,175,18,255,116
15001.1333,15000.0333,27,3.897,15.36,3.897,9.8882,2.0617,2.0623,2.0314,0.8992,-0.516,3.95E-03,2.25E+00,2.8638,235,172,20,255,117
15601.1333,15600.0333,28,3.763,15.38,3.763,9.6161,2.0672,2.0515,2.0261,0.8976,-0.5133,3.56E-03,2.25E+00,2.8647,235,175,20,255,117
16201.1333,16200.0333,29,3.734,15.3,3.734,9.5603,2.0679,2.0597,2.0258,0.8967,-0.5152,3.80E-03,2.25E+00,2.8644,239,174,16,255,115
16801.1333,16800.0333,30,3.711,15.33,3.711,9.5142,2.0681,2.0597,2.0258,0.897,-0.5144,3.71E-03,2.25E+00,2.865,237,169,18,255,116
17401.1333,17400.0333,31,3.732,15.36,3.732,9.5522,2.0667,2.0507,2.0267,0.8978,-0.5141,3.47E-03,2.25E+00,2.8707,235,173,20,255,117
18001.1333,18000.0333,32,3.717,15.35,3.717,9.5248,2.0674,2.0526,2.0262,0.8974,-0.5141,3.58E-03,2.25E+00,2.8747,235,172,20,255,117
18601.1333,18600.0333,33,3.712,15.32,3.712,9.5135,2.0675,2.0562,2.026,0.8971,-0.5148,3.78E-03,2.25E+00,2.8819,236,177,19,255,116
19201.1333,19200.0333,34,3.768,15.32,3.768,9.6277,2.0684,2.0623,2.0251,0.8969,-0.5145,3.59E-03,2.25E+00,2.8749,237,174,18,255,116
19801.1333,19800.0333,35,3.749,15.37,3.749,9.5874,2.0673,2.055,2.0264,0.8976,-0.5137,3.49E-03,2.25E+00,2.8847,235,170,20,255,117
20401.1333,20400.0333,36,3.711,15.49,3.711,9.5131,2.0675,2.0583,2.026,0.8985,-0.5106,3.49E-03,2.25E+00,2.8812,237,173,18,255,116
21001.1333,21000.0333,37,3.692,15.32,3.692,9.4741,2.0673,2.0549,2.0262,0.8971,-0.5149,4.17E-03,2.25E+00,2.8835,235,183,20,255,117
21601.1333,21600.0333,38,3.743,15.3,3.743,9.5791,2.0681,2.0602,2.0257,0.8967,-0.5151,4.24E-03,2.25E+00,2.8839,237,172,18,255,116
22201.1333,22200.0333,39,3.724,15.36,3.724,9.5404,2.0679,2.0606,2.0257,0.8973,-0.5136,3.59E-03,2.25E+00,2.8938,237,174,18,255,116
22801.1333,22800.0333,40,3.714,15.31,3.714,9.5182,2.0674,2.06,2.0265,0.897,-0.5152,3.91E-03,2.25E+00,2.8908,236,173,19,255,116
23401.1333,23400.0333,41,3.757,15.36,3.757,9.6025,2.067,2.0546,2.0269,0.8977,-0.514,3.51E-03,2.25E+00,2.8956,235,172,20,255,117
24001.1333,24000.0333,42,3.81,15.34,3.81,9.7139,2.0675,2.0578,2.0261,0.8973,-0.5145,3.61E-03,2.25E+00,2.8964,235,171,20,255,117
24601.1333,24600.0333,43,3.762,15.36,3.762,9.6168,2.0683,2.0571,2.0255,0.8972,-0.5137,3.59E-03,2.25E+00,2.8977,235,171,20,255,117
25201.1333,25200.0333,44,3.711,15.31,3.711,9.5112,2.0675,2.0591,2.026,0.8971,-0.515,3.75E-03,2.25E+00,2.898,235,175,20,255,117
25801.1333,25800.0333,45,3.8,15.33,3.8,9.6936,2.0675,2.0549,2.0257,0.8972,-0.5145,3.55E-03,2.25E+00,2.9014,236,184,19,255,116
26401.1333,26400.0333,46,3.717,15.38,3.717,9.5255,2.0682,2.0606,2.0259,0.8975,-0.5132,3.55E-03,2.25E+00,2.8911,236,172,19,255,116
27001.1333,27000.0333,47,3.729,15.37,3.729,9.5464,2.0671,2.0566,2.027,0.8977,-0.5139,3.46E-03,2.25E+00,2.9028,236,172,19,255,116
27601.1333,27600.0333,48,3.722,15.37,3.722,9.5329,2.0675,2.0545,2.0266,0.8976,-0.5138,3.61E-03,2.25E+00,2.9007,235,178,20,255,117
28201.1333,28200.0333,49,3.76,15.37,3.76,9.6119,2.0677,2.0573,2.0252,0.8973,-0.5135,2.98E-03,2.25E+00,2.9057,241,172,14,255,113
28801.1333,28800.0333,50,3.858,14.07,3.858,9.8162,2.0685,2.0568,2.0191,0.8839,-0.5441,3.65E-03,2.25E+00,2.9488,239,178,16,255,115
29401.1333,29400.0333,51,3.828,14.09,3.828,9.7554,2.0694,2.065,2.0196,0.8842,-0.5437,3.61E-03,2.26E+00,2.9633,235,173,20,255,117
30001.1333,30000.0333,52,3.809,14.03,3.809,9.7177,2.0697,2.0666,2.0202,0.8837,-0.5453,3.95E-03,2.25E+00,2.9657,237,174,18,255,116
30601.1333,30600.0333,53,3.933,14.02,3.933,9.9715,2.0694,2.0663,2.0199,0.8837,-0.5459,4.03E-03,2.26E+00,2.9718,237,177,18,255,116
31201.1333,31200.0333,54,3.823,14.12,3.823,9.7436,2.069,2.065,2.0202,0.8847,-0.5433,3.63E-03,2.26E+00,2.9774,235,171,20,255,117
31801.1333,31800.0333,55,3.816,14.08,3.816,9.73,2.0684,2.062,2.0211,0.8845,-0.5446,3.74E-03,2.26E+00,2.9836,236,178,19,255,116
32401.1333,32400.0333,56,3.844,13.97,3.844,9.7908,2.0708,2.0511,2.0185,0.8827,-0.5466,3.72E-03,2.26E+00,2.9843,237,175,18,255,116
33001.1333,33000.0333,57,3.832,14.05,3.832,9.7609,2.0685,2.0443,2.0208,0.8842,-0.5452,3.72E-03,2.26E+00,2.9891,237,181,18,255,116
33601.1333,33600.0333,58,3.609,13.97,3.609,9.3191,2.071,2.0599,2.0182,0.8829,-0.5469,4.11E-03,2.26E+00,2.9925,235,181,20,255,117
34201.1333,34200.0333,59,3.745,14.06,3.745,9.5886,2.0708,2.0527,2.0189,0.8837,-0.5442,3.74E-03,2.26E+00,2.9941,235,175,20,255,117
34801.1333,34800.0333,60,3.698,14.04,3.698,9.4952,2.1054,2.0899,2.0195,0.8837,-0.5452,3.89E-03,2.26E+00,2.9958,237,171,18,255,116
35401.1333,35400.0333,61,3.828,14.11,3.828,9.7583,2.0722,2.0623,2.0177,0.8838,-0.5426,3.52E-03,2.26E+00,2.9959,237,174,18,255,116
36001.1333,36000.0333,62,3.82,14.24,3.82,9.7404,2.0702,2.0549,2.0197,0.8856,-0.5397,3.93E-03,2.26E+00,3.0017,237,175,18,255,116
36601.1333,36600.0333,63,3.784,14.11,3.784,9.6703,2.0719,2.0587,2.0177,0.8837,-0.5426,3.54E-03,2.26E+00,2.9987,237,173,18,255,116
37201.1333,37200.0333,64,3.909,11.92,3.909,9.9266,2.0716,2.0621,2.018,0.8813,-0.5493,4.42E-03,2.26E+00,3.009,235,170,20,255,117
37801.1333,37800.0333,65,3.907,14.04,3.907,9.9196,2.0713,2.0627,2.0184,0.8834,-0.5447,3.62E-03,2.26E+00,3.0046,237,168,18,255,116
38401.1333,38400.0333,66,3.806,14.07,3.806,9.7145,2.0721,2.0643,2.0182,0.8834,-0.5437,3.76E-03,2.26E+00,3.0059,235,172,20,255,117
39001.1333,39000.0333,67,3.866,14.06,3.866,9.8357,2.0703,2.0634,2.0194,0.8838,-0.5446,3.66E-03,2.26E+00,3.0086,238,172,17,255,115
39601.1333,39600.0333,68,3.795,14.07,3.795,9.6911,2.071,2.0599,2.0188,0.8837,-0.5441,3.72E-03,2.26E+00,3.0103,237,172,18,255,116
40201.1333,40200.0333,69,3.83,14.09,3.83,9.7622,2.0712,2.0643,2.0188,0.8839,-0.5434,3.66E-03,2.26E+00,3.0047,239,177,16,255,115
40801.1333,40800.0333,70,3.854,14.1,3.854,9.808,2.0709,2.0636,2.0188,0.8841,-0.5432,3.40E-03,2.26E+00,3.012,237,167,18,255,116
41401.1333,41400.0333,71,3.765,14.24,3.765,9.6307,2.0711,2.0588,2.0189,0.8853,-0.5396,3.71E-03,2.26E+00,3.0087,237,168,18,255,116
42001.1333,42000.0333,72,3.894,14.01,3.894,9.892,2.0706,2.062,2.0198,0.8834,-0.5457,4.13E-03,2.26E+00,3.0176,235,176,20,255,117
42601.1333,42600.0333,73,3.747,14.06,3.747,9.5927,2.0703,2.0542,2.0199,0.884,-0.5445,3.69E-03,2.26E+00,3.0107,237,175,18,255,116
43201.1333,43200.0333,74,3.846,14.09,3.846,9.7935,2.0707,2.0611,2.019,0.8841,-0.5435,3.56E-03,2.26E+00,3.0179,239,174,16,255,115
43801.1333,43800.0333,75,3.857,14.09,3.857,9.8171,2.0714,2.0643,2.0186,0.8838,-0.5433,3.44E-03,2.26E+00,3.0135,237,171,18,255,116
44401.1333,44400.0333,76,3.865,13.37,3.865,9.8423,2.071,2.0587,2.0131,0.8748,-0.5608,3.80E-03,2.26E+00,3.0428,237,176,18,255,116
45001.1333,45000.0333,77,4.024,12.68,4.024,10.18,2.0742,2.0688,2.0126,0.8646,-0.5779,3.71E-03,2.26E+00,3.0794,237,179,18,255,116
45601.1333,45600.0333,78,3.867,12.71,3.867,9.8538,2.0732,2.0618,2.0064,0.8655,-0.5774,3.55E-03,2.26E+00,3.0943,237,175,18,255,116
46201.1333,46200.0333,79,3.936,12.7,3.936,9.9935,2.0737,2.0683,2.0068,0.8651,-0.5777,3.75E-03,2.27E+00,3.092,238,168,17,255,115
46801.1333,46800.0333,80,3.924,12.73,3.924,9.9703,2.0733,2.063,2.007,0.8658,-0.5769,3.32E-03,2.26E+00,3.1036,237,174,18,255,116
47401.1333,47400.0333,81,3.93,12.66,3.93,9.9814,2.0739,2.0666,2.0067,0.8647,-0.5787,3.67E-03,2.27E+00,3.1068,239,171,16,255,115
48001.1333,48000.0333,82,3.883,12.7,3.883,9.884,2.0727,2.068,2.008,0.8655,-0.5783,3.79E-03,2.27E+00,3.1157,239,174,16,255,115
48601.1333,48600.0333,83,4.031,12.67,4.031,10.191,2.0733,2.0689,2.0124,0.8651,-0.5788,3.83E-03,2.27E+00,3.1137,237,169,18,255,116
49201.1333,49200.0333,84,4.031,12.66,4.031,10.192,2.0733,2.07,2.0162,0.8649,-0.5791,4.10E-03,2.27E+00,3.114,238,177,17,255,115
49801.1333,49800.0333,85,3.974,12.71,3.974,10.069,2.0729,2.0674,2.0079,0.8656,-0.5778,3.71E-03,2.27E+00,3.1201,237,169,18,255,116
50401.1333,50400.0333,86,3.841,12.68,3.841,9.8015,2.0735,2.0666,2.0065,0.8651,-0.5785,3.89E-03,2.27E+00,3.1192,242,178,13,255,113
51001.1333,51000.0333,87,3.948,12.7,3.948,10.018,2.0727,2.0681,2.0082,0.8656,-0.578,3.68E-03,2.27E+00,3.1288,239,167,16,255,115
51601.1333,51600.0333,88,3.943,12.71,3.943,10.005,2.0724,2.0666,2.0079,0.8657,-0.5778,3.81E-03,2.27E+00,3.1271,237,172,18,255,116
52201.1333,52200.0333,89,3.903,12.72,3.903,9.9259,2.0731,2.068,2.007,0.8657,-0.5775,3.54E-03,2.27E+00,3.1304,237,173,18,255,116
52801.1333,52800.0333,90,3.922,12.7,3.922,9.9645,2.0731,2.0669,2.007,0.8654,-0.5779,3.82E-03,2.27E+00,3.1285,241,176,14,255,113
53401.1333,53400.0333,91,4.034,12.69,4.034,10.195,2.0723,2.0688,2.0166,0.8656,-0.5787,3.92E-03,2.27E+00,3.1394,237,173,18,255,116
54001.1333,54000.0333,92,4.011,12.71,4.011,10.146,2.0723,2.0705,2.0085,0.8657,-0.578,3.74E-03,2.27E+00,3.1321,241,179,14,255,113
54601.1333,54600.0333,93,3.936,12.69,3.936,9.9965,2.0743,2.0685,2.0065,0.865,-0.5779,3.85E-03,2.27E+00,3.1334,237,170,18,255,116
55201.1333,55200.0333,94,3.895,12.69,3.895,9.9092,2.0721,2.0683,2.0079,0.8655,-0.5785,3.81E-03,2.27E+00,3.1451,237,170,18,255,116
55801.1333,55800.0333,95,3.931,12.72,3.931,9.9813,2.0717,2.0667,2.009,0.8661,-0.5779,3.68E-03,2.27E+00,3.1393,237,169,18,255,116
56401.1333,56400.0333,96,3.963,12.7,3.963,10.044,2.072,2.0661,2.0086,0.8659,-0.5783,3.75E-03,2.27E+00,3.141,237,172,18,255,116
57001.1333,57000.0333,97,3.93,12.72,3.93,9.9797,2.0722,2.0683,2.008,0.8659,-0.5778,3.74E-03,2.27E+00,3.1391,238,171,17,255,115
57601.1333,57600.0333,98,3.915,12.7,3.915,9.9494,2.0721,2.069,2.0086,0.8658,-0.5784,3.71E-03,2.27E+00,3.1423,238,173,17,255,115
58201.1333,58200.0333,99,3.954,12.73,3.954,10.027,2.0716,2.0674,2.0085,0.8662,-0.5775,3.65E-03,2.27E+00,3.1464,237,172,18,255,116
58801.1333,58800.0333,100,3.892,12.73,3.892,9.9023,2.0718,2.0663,2.0084,0.8661,-0.5776,3.69E-03,2.27E+00,3.1514,235,175,20,255,117
59401.1333,59400.0333,101,3.969,12.89,3.969,10.055,2.0718,2.0665,2.009,0.8682,-0.5733,3.99E-03,2.27E+00,3.1426,238,171,17,255,115
60001.1333,60000.0333,102,3.922,10.8,3.922,9.9712,2.075,2.0673,2.0052,0.863,-0.5813,4.55E-03,2.26E+00,3.1409,235,172,20,255,117
60601.1333,60600.0333,103,3.877,10.41,3.877,9.8879,2.0805,2.0708,2.0003,0.8557,-0.5929,4.84E-03,2.27E+00,3.1689,237,172,18,255,116
61201.1333,61200.0333,104,4.055,9.807,4.055,10.273,2.0813,2.0726,1.995,0.8421,-0.6094,4.90E-03,2.27E+00,3.2215,237,167,18,255,116
61801.1333,61800.0333,105,4.038,11.52,4.038,10.241,2.0768,2.0711,1.9905,0.8438,-0.6054,3.69E-03,2.27E+00,3.2115,237,172,18,255,116
62401.1333,62400.0333,106,3.94,11.54,3.94,10.04,2.0755,2.072,1.9892,0.8446,-0.6057,4.29E-03,2.27E+00,3.2284,237,173,18,255,116
63001.1333,63000.0333,107,3.974,11.54,3.974,10.107,2.0761,2.0725,1.9889,0.8444,-0.6056,3.70E-03,2.27E+00,3.2311,238,166,17,255,115
63601.1333,63600.0333,108,3.998,11.55,3.998,10.158,2.0762,2.0685,1.9879,0.8443,-0.6051,3.93E-03,2.27E+00,3.2311,237,171,18,255,116
64201.1333,64200.0333,109,4.006,11.55,4.006,10.174,2.0757,2.0698,1.9879,0.8447,-0.6053,3.67E-03,2.27E+00,3.2329,237,173,18,255,116
64801.1333,64800.0333,110,4.006,11.53,4.006,10.172,2.0757,2.073,1.9882,0.8443,-0.6058,3.75E-03,2.27E+00,3.2418,237,173,18,255,116
65401.1333,65400.0333,111,4.01,11.56,4.01,10.178,2.0751,2.07,1.99,0.8449,-0.6052,3.87E-03,2.27E+00,3.2424,237,171,18,255,116
66001.1333,66000.0333,112,3.942,9.823,3.942,10.046,2.0835,2.0677,1.9869,0.8421,-0.6085,4.67E-03,2.27E+00,3.2499,233,172,22,255,118
66601.1333,66600.0333,113,4.013,9.828,4.013,10.19,2.0842,2.0738,1.9878,0.842,-0.608,4.49E-03,2.27E+00,3.2481,237,172,18,255,116
67201.1333,67200.0333,114,3.84,9.804,3.84,9.8387,2.0831,2.0669,1.9878,0.8422,-0.6097,4.76E-03,2.27E+00,3.2493,239,170,16,255,115
67801.1333,67800.0333,115,3.86,9.792,3.86,9.8795,2.0832,2.0658,1.9874,0.8419,-0.61,4.81E-03,2.27E+00,3.2478,235,179,20,255,117
68401.1333,68400.0333,116,3.944,9.802,3.944,10.051,2.0843,2.0743,1.9865,0.8417,-0.6091,4.97E-03,2.27E+00,3.2505,235,168,20,255,117
69001.1333,69000.0333,117,4.034,11.57,4.034,10.226,2.0747,2.0728,1.9898,0.8453,-0.6051,3.68E-03,2.27E+00,3.2576,237,174,18,255,116
69601.1333,69600.0333,118,3.784,11.44,3.784,9.7222,2.0754,2.0708,1.9897,0.8432,-0.6091,4.21E-03,2.27E+00,3.2532,235,174,20,255,117
70201.1333,70200.0333,119,3.847,11.48,3.847,9.8495,2.0749,2.0737,1.9894,0.8438,-0.608,4.16E-03,2.27E+00,3.2573,238,172,17,255,115
70801.1333,70800.0333,120,4.104,9.829,4.104,10.386,2.0851,2.0786,2.0129,0.842,-0.6079,4.50E-03,2.27E+00,3.2605,237,169,18,255,116
71401.1333,71400.0333,121,4.049,11.54,4.049,10.259,2.0743,2.0696,1.9942,0.8447,-0.6061,3.74E-03,2.27E+00,3.2639,236,172,19,255,116
72001.1333,72000.0333,122,4.052,11.71,4.052,10.264,2.0754,2.0728,1.9939,0.8472,-0.6005,4.27E-03,2.27E+00,3.2475,237,172,18,255,116
72601.1333,72600.0333,123,4.139,11.52,4.139,10.45,2.0749,2.0726,2.0175,0.8445,-0.6066,4.07E-03,2.28E+00,3.2593,241,171,14,255,113
73201.1333,73200.0333,124,4.053,11.53,4.053,10.264,2.0746,2.0706,1.9928,0.8446,-0.6062,4.12E-03,2.28E+00,3.2652,237,170,18,255,116
73801.1333,73800.0333,125,4.073,11.56,4.073,10.304,2.0748,2.0694,1.9984,0.845,-0.6055,3.74E-03,2.27E+00,3.2623,238,172,17,255,115
74401.1333,74400.0333,126,4.045,9.837,4.045,10.254,2.0843,2.075,1.9938,0.8424,-0.608,4.69E-03,2.27E+00,3.2578,238,172,17,255,115
75001.1333,75000.0333,127,3.707,11.4,3.707,9.571,2.1127,2.1018,1.9879,0.8424,-0.61,3.84E-03,2.27E+00,3.261,237,174,18,255,116
75601.1333,75600.0333,128,4.05,11.55,4.05,10.258,2.0749,2.0733,1.9941,0.8449,-0.6056,3.80E-03,2.27E+00,3.2717,235,170,20,255,117
76201.1333,76200.0333,129,3.963,11.56,3.963,10.082,2.0748,2.0762,1.9889,0.845,-0.6054,3.90E-03,2.27E+00,3.2681,239,176,16,255,115
76801.1333,76800.0333,130,4.05,11.55,4.05,10.262,2.0753,2.0707,1.9949,0.8449,-0.6055,3.81E-03,2.27E+00,3.2635,238,171,17,255,115
77401.1333,77400.0333,131,3.861,13.58,3.861,9.8333,2.0744,2.0588,2.014,0.8774,-0.5555,3.83E-03,2.27E+00,3.1609,239,171,16,255,115
78001.1333,78000.0333,132,3.863,13.62,3.863,9.8339,2.0712,2.0662,2.0155,0.8782,-0.5547,4.01E-03,2.27E+00,3.1461,237,178,18,255,116
78601.1333,78600.0333,133,3.856,13.81,3.856,9.8196,2.0714,2.0648,2.0152,0.8799,-0.5495,3.99E-03,2.27E+00,3.1357,239,179,16,255,115
79201.1333,79200.0333,134,3.86,13.68,3.86,9.8307,2.0718,2.0664,2.0147,0.8785,-0.553,3.63E-03,2.27E+00,3.128,236,175,19,255,116
79801.1333,79800.0333,135,3.835,13.62,3.835,9.7804,2.0721,2.0656,2.0139,0.8777,-0.5542,3.70E-03,2.26E+00,3.1212,239,170,16,255,115
80401.1333,80400.0333,136,3.865,13.65,3.865,9.8388,2.0717,2.0653,2.0144,0.8781,-0.5537,3.70E-03,2.26E+00,3.1219,236,172,19,255,116
81001.1333,81000.0333,137,3.833,13.64,3.833,9.7761,2.0713,2.058,2.0142,0.8781,-0.5538,3.69E-03,2.26E+00,3.1122,235,176,20,255,117
81601.1333,81600.0333,138,3.924,13.68,3.924,9.9639,2.0722,2.0619,2.0136,0.8783,-0.5528,3.44E-03,2.26E+00,3.1075,236,178,19,255,116
82201.1333,82200.0333,139,3.798,13.61,3.798,9.704,2.1069,2.0969,2.015,0.8778,-0.5547,3.97E-03,2.26E+00,3.1092,238,183,17,255,115
82801.1333,82800.0333,140,3.837,13.66,3.837,9.786,2.0728,2.0612,2.0133,0.8779,-0.553,3.76E-03,2.26E+00,3.097,237,177,18,255,116
83401.1333,83400.0333,141,3.815,13.63,3.815,9.7408,2.0719,2.0608,2.0141,0.8779,-0.554,3.90E-03,2.26E+00,3.098,235,169,20,255,117
84001.1333,84000.0333,142,3.846,13.65,3.846,9.8004,2.0715,2.0613,2.0144,0.8781,-0.5537,3.91E-03,2.26E+00,3.0998,239,174,16,255,115
84601.1333,84600.0333,143,3.954,13.59,3.954,10.032,2.0729,2.0684,2.0151,0.8772,-0.555,4.17E-03,2.26E+00,3.0934,237,175,18,255,116
85201.1333,85200.0333,144,3.799,13.65,3.799,9.7078,2.0721,2.057,2.0144,0.878,-0.5536,3.72E-03,2.26E+00,3.0923,236,168,19,255,116
85801.1333,85800.0333,145,3.864,13.64,3.864,9.8412,2.0721,2.0604,2.014,0.8778,-0.5537,3.88E-03,2.26E+00,3.0974,235,168,20,255,117
86401.1333,86400.0333,146,3.861,13.64,3.861,9.8347,2.0724,2.0617,2.0132,0.8778,-0.5535,3.68E-03,2.26E+00,3.0883,239,170,16,255,115
87001.1333,87000.0333,147,3.867,13.64,3.867,9.8452,2.0726,2.0626,2.0137,0.8778,-0.5536,3.60E-03,2.26E+00,3.0897,237,174,18,255,116
87601.1333,87600.0333,148,3.876,13.63,3.876,9.8631,2.0726,2.0634,2.0135,0.8777,-0.5538,3.67E-03,2.26E+00,3.093,239,165,16,255,115
88201.1333,88200.0333,149,3.706,15.46,3.706,9.5056,2.0702,2.0572,2.0244,0.8978,-0.5109,3.59E-03,2.26E+00,3.0114,235,167,20,255,117
88801.1333,88800.0333,150,3.718,15.54,3.718,9.5308,2.0695,2.0564,2.024,0.8982,-0.5088,3.63E-03,2.25E+00,2.999,235,170,20,255,117
89401.1333,89400.0333,151,3.715,13.27,3.715,9.5249,2.0745,2.0582,2.0246,0.8974,-0.5114,4.52E-03,2.25E+00,3.0017,236,173,19,255,116
90001.1333,90000.0333,152,3.751,15.6,3.751,9.5951,2.0661,2.0473,2.0273,0.8995,-0.5084,3.81E-03,2.25E+00,2.9845,237,177,18,255,116
90601.1333,90600.0333,153,3.72,13.13,3.72,9.5351,2.0739,2.0681,2.0246,0.896,-0.5155,4.44E-03,2.25E+00,2.9791,235,171,20,255,117
91201.1333,91200.0333,154,3.679,15.64,3.679,9.4515,2.0672,2.0608,2.0255,0.8994,-0.5069,3.84E-03,2.24E+00,2.9793,238,169,17,255,115
91801.1333,91800.0333,155,3.662,15.47,3.662,9.4181,2.0681,2.0598,2.0248,0.8978,-0.5107,3.93E-03,2.24E+00,2.9656,236,174,19,255,116
92401.1333,92400.0333,156,3.666,15.48,3.666,9.4233,2.0677,2.0605,2.0254,0.8981,-0.5105,3.97E-03,2.24E+00,2.9669,237,171,18,255,116
93001.1333,93000.0333,157,3.716,15.59,3.716,9.5262,2.0678,2.0593,2.0251,0.8989,-0.5079,3.64E-03,2.24E+00,2.9654,237,170,18,255,116
93601.1333,93600.0333,158,3.707,15.55,3.707,9.5099,2.0682,2.0583,2.0246,0.8984,-0.5087,3.71E-03,2.24E+00,2.955,237,172,18,255,116
94201.1333,94200.0333,159,3.734,15.53,3.734,9.56,2.0672,2.0561,2.0254,0.8985,-0.5095,3.46E-03,2.24E+00,2.9552,237,174,18,255,116
94801.1333,94800.0333,160,3.703,15.5,3.703,9.501,2.0674,2.0585,2.0251,0.8982,-0.5101,4.28E-03,2.24E+00,2.9461,235,173,20,255,117
95401.1333,95400.0333,161,3.715,15.49,3.715,9.5237,2.0679,2.0612,2.0244,0.898,-0.51,3.70E-03,2.24E+00,2.9494,238,173,17,255,115
96001.1333,96000.0333,162,3.7,15.55,3.7,9.496,2.0683,2.0634,2.0244,0.8983,-0.5086,3.73E-03,2.24E+00,2.9446,241,174,14,255,113
96601.1333,96600.0333,163,3.715,15.46,3.715,9.5232,2.0681,2.0593,2.0247,0.8977,-0.5107,4.15E-03,2.24E+00,2.9417,235,181,20,255,117
97201.1333,97200.0333,164,3.751,15.49,3.751,9.5952,2.0667,2.0599,2.0254,0.8982,-0.5103,3.94E-03,2.24E+00,2.9446,239,177,16,255,115
97801.1333,97800.0333,165,3.677,15.51,3.677,9.4472,2.0678,2.0557,2.0252,0.8982,-0.5096,3.95E-03,2.24E+00,2.937,239,172,16,255,115
98401.1333,98400.0333,166,3.684,15.53,3.684,9.465,2.069,2.0586,2.0239,0.898,-0.5089,3.68E-03,2.24E+00,2.9392,237,172,18,255,116
99001.1333,99000.0333,167,3.72,15.52,3.72,9.5352,2.0674,2.0533,2.0251,0.8984,-0.5095,3.91E-03,2.24E+00,2.9343,234,170,21,255,118
99601.1333,99600.0333,168,3.676,13.07,3.676,9.4468,2.0749,2.0707,2.0233,0.8952,-0.5166,5.04E-03,2.23E+00,2.9407,237,171,18,255,116
100201.1333,100200.0333,169,3.731,13.12,3.731,9.558,2.0743,2.0647,2.0242,0.8959,-0.5155,4.59E-03,2.24E+00,2.9333,237,172,18,255,116
100801.1333,100800.0333,170,3.619,13.95,3.619,9.3257,2.0725,2.0565,2.03,0.9051,-0.4951,4.52E-03,2.24E+00,2.9134,238,172,17,255,115
101401.1333,101400.0333,171,3.587,17.27,3.587,9.2644,2.064,2.0454,2.0302,0.9123,-0.4724,3.63E-03,2.23E+00,2.8659,237,169,18,255,116
102001.1333,102000.0333,172,3.601,17.44,3.601,9.2912,2.0631,2.0414,2.0304,0.9134,-0.4687,3.57E-03,2.23E+00,2.8629,239,168,16,255,115
102601.1333,102600.0333,173,3.58,14.56,3.58,9.2491,2.0695,2.0572,2.0297,0.9099,-0.4791,4.56E-03,2.22E+00,2.8512,237,173,18,255,116
103201.1333,103200.0333,174,3.482,14.52,3.482,9.0505,2.07,2.0637,2.0294,0.9095,-0.4801,4.57E-03,2.22E+00,2.8528,237,170,18,255,116
103801.1333,103800.0333,175,3.59,14.58,3.59,9.273,2.071,2.0583,2.0282,0.9095,-0.4781,4.49E-03,2.22E+00,2.838,235,173,20,255,117
104401.1333,104400.0333,176,3.61,14.49,3.61,9.3108,2.069,2.0567,2.0292,0.9092,-0.4807,4.72E-03,2.22E+00,2.8453,235,169,20,255,117
105001.1333,105000.0333,177,3.556,14.55,3.556,9.1976,2.069,2.0632,2.0296,0.9098,-0.4796,4.48E-03,2.22E+00,2.8352,234,181,21,255,118
105601.1333,105600.0333,178,3.579,14.57,3.579,9.2463,2.0685,2.0568,2.0301,0.9101,-0.4791,4.48E-03,2.22E+00,2.8344,235,164,20,255,117
106201.1333,106200.0333,179,3.597,14.57,3.597,9.282,2.0682,2.0511,2.0304,0.9102,-0.4792,4.45E-03,2.22E+00,2.8238,239,164,16,255,115
106801.1333,106800.0333,180,3.614,14.53,3.614,9.3199,2.0699,2.0623,2.0281,0.9091,-0.4794,4.57E-03,2.21E+00,2.8306,237,172,18,255,116
107401.1333,107400.0333,181,3.556,14.63,3.556,9.2004,2.0687,2.0567,2.0306,0.9107,-0.4777,4.75E-03,2.22E+00,2.8182,235,168,20,255,117
108001.1333,108000.0333,182,3.567,14.56,3.567,9.2209,2.0677,2.0511,2.0312,0.9104,-0.4798,4.60E-03,2.22E+00,2.8218,235,180,20,255,117
108601.1333,108600.0333,183,3.569,14.76,3.569,9.2222,2.0679,2.0519,2.0305,0.9118,-0.4747,4.71E-03,2.22E+00,2.8132,235,181,20,255,117
109201.1333,109200.0333,184,3.571,17.31,3.571,9.23,2.0636,2.0469,2.0296,0.9122,-0.4711,3.79E-03,2.21E+00,2.8121,235,169,20,255,117
109801.1333,109800.0333,185,3.586,14.75,3.586,9.2586,2.0684,2.0469,2.0309,0.9117,-0.4748,4.25E-03,2.22E+00,2.8103,236,165,19,255,116
110401.1333,110400.0333,186,3.549,17.19,3.549,9.1813,2.0665,2.0306,2.0327,0.9127,-0.475,3.94E-03,2.22E+00,2.8124,239,172,16,255,115
111001.1333,111000.0333,187,3.581,17.21,3.581,9.2481,2.0623,2.0533,2.0304,0.9121,-0.4738,3.72E-03,2.22E+00,2.798,234,175,21,255,118
111601.1333,111600.0333,188,3.62,17.28,3.62,9.3327,2.0633,2.0576,2.0295,0.9122,-0.472,3.82E-03,2.21E+00,2.8026,235,167,20,255,117
112201.1333,112200.0333,189,3.605,17.19,3.605,9.2994,2.0638,2.0614,2.0297,0.9115,-0.4736,4.05E-03,2.21E+00,2.7987,233,171,22,255,118
112801.1333,112800.0333,190,3.618,17.37,3.618,9.3256,2.0626,2.0536,2.0301,0.9129,-0.4702,3.93E-03,2.21E+00,2.8024,237,169,18,255,116
113401.1333,113400.0333,191,3.629,17.32,3.629,9.3455,2.063,2.0541,2.0295,0.9124,-0.4711,3.81E-03,2.21E+00,2.7974,234,180,21,255,118
114001.1333,114000.0333,192,3.582,17.41,3.582,9.2527,2.0633,2.0552,2.0293,0.913,-0.4691,3.57E-03,2.22E+00,2.7905,236,171,19,255,116
114601.1333,114600.0333,193,3.678,17.3,3.678,9.452,2.0629,2.0533,2.0298,0.9125,-0.4716,3.52E-03,2.21E+00,2.7964,237,173,18,255,116
115201.1333,115200.0333,194,3.61,18.35,3.61,9.306,2.0621,2.0544,2.0326,0.9196,-0.4517,3.49E-03,2.22E+00,2.7693,235,165,20,255,117
115801.1333,115800.0333,195,3.534,19.01,3.534,9.1574,2.0601,2.0531,2.0312,0.9226,-0.4387,3.75E-03,2.21E+00,2.7459,233,166,22,255,118
116401.1333,116400.0333,196,3.455,18.89,3.455,9.0021,2.061,2.0567,2.0295,0.9214,-0.4404,3.33E-03,2.21E+00,2.7295,235,167,20,255,117
117001.1333,117000.0333,197,3.464,18.77,3.464,9.0184,2.0605,2.0563,2.0296,0.9208,-0.4427,3.45E-03,2.20E+00,2.7331,237,178,18,255,116
117601.1333,117600.0333,198,3.468,18.98,3.468,9.0262,2.0604,2.0578,2.029,0.9217,-0.4387,3.67E-03,2.20E+00,2.7178,234,181,21,255,118
118201.1333,118200.0333,199,3.471,18.77,3.471,9.0308,2.0599,2.0444,2.0298,0.9209,-0.4427,3.32E-03,2.20E+00,2.7188,235,165,20,255,117
118801.1333,118800.0333,200,3.443,18.85,3.443,8.9729,2.0596,2.0439,2.0306,0.9215,-0.4414,3.23E-03,2.20E+00,2.7091,235,168,20,255,117
119401.1333,119400.0333,201,3.473,19.07,3.473,9.0337,2.0588,2.0448,2.0309,0.9226,-0.4375,3.56E-03,2.20E+00,2.7103,234,178,21,255,118
120001.1333,120000.0333,202,3.536,19.06,3.536,9.1599,2.0574,2.0373,2.0313,0.923,-0.438,3.35E-03,2.20E+00,2.706,235,170,20,255,117
120601.1333,120600.0333,203,3.485,19.03,3.485,9.0537,2.0546,2.02,2.0349,0.924,-0.4396,4.02E-03,2.20E+00,2.7052,237,169,18,255,116
121201.1333,121200.0333,204,3.466,18.99,3.466,9.0182,2.0641,2.0521,2.0312,0.9226,-0.4392,3.36E-03,2.19E+00,2.6997,234,170,21,255,118
121801.1333,121800.0333,205,3.57,18.94,3.57,9.2326,2.0656,2.0554,2.0302,0.9219,-0.4397,3.40E-03,2.20E+00,2.6921,235,168,20,255,117
122401.1333,122400.0333,206,3.505,18.89,3.505,9.0978,2.0597,2.0478,2.0295,0.9215,-0.4404,3.31E-03,2.19E+00,2.696,234,173,21,255,118
123001.1333,123000.0333,207,3.497,18.8,3.497,9.0766,2.0555,2.0216,2.0333,0.9224,-0.4434,3.81E-03,2.20E+00,2.6928,234,165,21,255,118
123601.1333,123600.0333,208,3.485,18.9,3.485,9.0562,2.0575,2.0348,2.0315,0.9222,-0.441,3.40E-03,2.19E+00,2.6975,236,164,19,255,116
124201.1333,124200.0333,209,3.558,18.99,3.558,9.2061,2.0648,2.0505,2.0301,0.9223,-0.439,3.41E-03,2.19E+00,2.6878,233,172,22,255,118
124801.1333,124800.0333,210,3.509,18.88,3.509,9.1057,2.0649,2.0534,2.0309,0.9218,-0.4412,3.21E-03,2.19E+00,2.68,235,176,20,255,117
125401.1333,125400.0333,211,3.519,18.93,3.519,9.1262,2.0641,2.0533,2.0309,0.9222,-0.4402,3.24E-03,2.20E+00,2.6837,234,170,21,255,118
126001.1333,126000.0333,212,3.469,18.91,3.469,9.0247,2.0639,2.0454,2.0319,0.9223,-0.4409,3.49E-03,2.19E+00,2.6756,235,173,20,255,117
126601.1333,126600.0333,213,3.492,18.76,3.492,9.0748,2.0661,2.0558,2.0296,0.9206,-0.4428,3.78E-03,2.19E+00,2.6756,235,165,20,255,117
127201.1333,127200.0333,214,3.464,18.96,3.464,9.0136,2.063,2.0425,2.0323,0.9229,-0.4401,3.21E-03,2.19E+00,2.6731,234,167,21,255,118
127801.1333,127800.0333,215,3.477,18.83,3.477,9.0442,2.0657,2.0496,2.0294,0.9211,-0.4417,3.37E-03,2.19E+00,2.6788,235,172,20,255,117
128401.1333,128400.0333,216,3.501,19.1,3.501,9.0919,2.0655,2.0478,2.0305,0.9227,-0.4369,3.35E-03,2.19E+00,2.6697,235,166,20,255,117
129001.1333,129000.0333,217,3.504,19.03,3.504,9.0993,2.0661,2.0599,2.0297,0.9221,-0.4378,3.32E-03,2.19E+00,2.679,236,162,19,255,116
129601.1333,129600.0333,218,3.467,18.78,3.467,9.0205,2.0647,2.0481,2.0311,0.9213,-0.4429,3.44E-03,2.19E+00,2.6671,234,170,21,255,118
130201.1333,130200.0333,219,3.519,18.89,3.519,9.1281,2.0659,2.0566,2.03,0.9215,-0.4405,3.56E-03,2.19E+00,2.6674,234,166,21,255,118
130801.1333,130800.0333,220,3.528,18.99,3.528,9.1438,2.0641,2.0472,2.0317,0.9226,-0.4392,3.35E-03,2.19E+00,2.67,234,170,21,255,118
131401.1333,131400.0333,221,3.511,19.37,3.511,9.11,2.0638,2.0541,2.0324,0.9248,-0.4328,3.17E-03,2.19E+00,2.6541,235,177,20,255,117
132001.1333,132000.0333,222,3.42,20.29,3.42,8.9292,2.0557,2.049,2.0307,0.9287,-0.4167,3.82E-03,2.19E+00,2.6252,234,169,21,255,118
132601.1333,132600.0333,223,3.507,19.99,3.507,9.1146,2.0566,2.0491,2.0297,0.9269,-0.4213,3.98E-03,2.18E+00,2.6208,235,175,20,255,117
133201.1333,133200.0333,224,3.413,20.2,3.413,8.9166,2.0554,2.0464,2.0304,0.9279,-0.4177,3.26E-03,2.18E+00,2.6158,235,171,20,255,117
133801.1333,133800.0333,225,3.402,20.34,3.402,8.8901,2.0541,2.0421,2.0314,0.9291,-0.4159,3.02E-03,2.18E+00,2.611,235,169,20,255,117
134401.1333,134400.0333,226,3.381,20.34,3.381,8.8492,2.0551,2.045,2.0303,0.9286,-0.4155,3.31E-03,2.18E+00,2.6049,235,167,20,255,117
135001.1333,135000.0333,227,3.439,20.13,3.439,8.9693,2.0555,2.0468,2.0305,0.9275,-0.4189,3.45E-03,2.18E+00,2.5994,235,166,20,255,117
135601.1333,135600.0333,228,3.5,20.37,3.5,9.1028,2.0555,2.0483,2.03,0.9286,-0.4149,3.54E-03,2.18E+00,2.5929,233,180,22,255,118
136201.1333,136200.0333,229,3.413,20.39,3.413,8.9181,2.0553,2.0485,2.0297,0.9286,-0.4144,3.09E-03,2.17E+00,2.5907,235,168,20,255,117
136801.1333,136800.0333,230,3.412,20.37,3.412,8.9136,2.0553,2.0484,2.0298,0.9286,-0.4149,3.62E-03,2.18E+00,2.5903,232,163,23,255,119
137401.1333,137400.0333,231,3.443,20.27,3.443,8.9768,2.0551,2.0461,2.0302,0.9283,-0.4167,3.12E-03,2.17E+00,2.5832,237,164,18,255,116
138001.1333,138000.0333,232,3.401,20.25,3.401,8.8899,2.0534,2.0426,2.0313,0.9287,-0.4174,3.12E-03,2.17E+00,2.5944,232,173,23,255,119
138601.1333,138600.0333,233,3.416,20.42,3.416,8.921,2.0536,2.0364,2.0319,0.9294,-0.4147,3.15E-03,2.18E+00,2.5824,234,163,21,255,118
139201.1333,139200.0333,234,3.404,20.21,3.404,8.8998,2.0548,2.042,2.0306,0.9279,-0.4176,3.45E-03,2.17E+00,2.58,235,164,20,255,117
139801.1333,139800.0333,235,3.423,20.21,3.423,8.9385,2.0545,2.0414,2.0307,0.9281,-0.4176,3.09E-03,2.17E+00,2.5773,235,169,20,255,117
140401.1333,140400.0333,236,3.394,20.2,3.394,8.8786,2.0553,2.0411,2.0292,0.9276,-0.4174,3.38E-03,2.17E+00,2.5768,233,165,22,255,118
141001.1333,141000.0333,237,3.425,20.26,3.425,8.938,2.0524,2.0296,2.0323,0.9291,-0.4174,3.20E-03,2.17E+00,2.5774,235,167,20,255,117
141601.1333,141600.0333,238,3.387,20.46,3.387,8.8637,2.0538,2.0376,2.0311,0.9295,-0.4138,3.11E-03,2.17E+00,2.5732,235,169,20,255,117
142201.1333,142200.0333,239,3.315,20.16,3.315,8.7202,2.0553,2.0406,2.0302,0.9276,-0.4184,3.44E-03,2.17E+00,2.5763,235,168,20,255,117
142801.1333,142800.0333,240,3.423,20.24,3.423,8.9387,2.0555,2.0404,2.0291,0.9278,-0.4168,3.19E-03,2.17E+00,2.5696,233,163,22,255,118
143401.1333,143400.0333,241,3.426,20.39,3.426,8.9415,2.055,2.0416,2.0303,0.9287,-0.4146,3.17E-03,2.17E+00,2.5701,234,167,21,255,118
144001.1333,144000.0333,242,3.417,20.25,3.417,8.9244,2.0552,2.042,2.0292,0.9279,-0.4166,3.08E-03,2.17E+00,2.5674,233,172,22,255,118
144601.1333,144600.0333,243,3.426,20.24,3.426,8.9396,2.0533,2.016,2.032,0.9287,-0.4177,3.42E-03,2.17E+00,2.5697,235,166,20,255,117
145201.1333,145200.0333,244,3.395,20.38,3.395,8.8758,2.0514,2.0148,2.033,0.93,-0.4158,3.18E-03,2.17E+00,2.5666,233,167,22,255,118
145801.1333,145800.0333,245,3.429,20.44,3.429,8.9472,2.0547,2.043,2.0302,0.929,-0.4137,3.41E-03,2.17E+00,2.5624,235,174,20,255,117
146401.1333,146400.0333,246,3.419,20.27,3.419,8.927,2.0521,2.0166,2.033,0.9293,-0.4176,3.44E-03,2.17E+00,2.5667,233,165,22,255,118
147001.1333,147000.0333,247,3.418,20.21,3.418,8.9285,2.0549,2.0419,2.0306,0.928,-0.4175,3.57E-03,2.17E+00,2.559,232,172,23,255,119
147601.1333,147600.0333,248,3.391,20.31,3.391,8.8703,2.059,2.0541,2.0317,0.929,-0.4165,3.19E-03,2.17E+00,2.558,233,162,22,255,118
148201.1333,148200.0333,249,3.432,21.17,3.432,8.9523,2.058,2.0529,2.0329,0.9331,-0.4031,3.15E-03,2.17E+00,2.5438,234,165,21,255,118
148801.1333,148800.0333,250,3.378,21.56,3.378,8.8474,2.0579,2.0525,2.0303,0.9337,-0.3963,3.08E-03,2.16E+00,2.5199,239,170,16,255,115
149401.1333,149400.0333,251,3.327,21.53,3.327,8.7481,2.0572,2.0509,2.0307,0.9334,-0.3967,3.62E-03,2.16E+00,2.5211,238,175,17,255,115
150001.1333,150000.0333,252,3.34,21.6,3.34,8.7715,2.0561,2.0416,2.0303,0.9339,-0.3957,3.22E-03,2.16E+00,2.5082,234,166,21,255,118
150601.1333,150600.0333,253,3.346,21.62,3.346,8.7831,2.0569,2.0509,2.03,0.9336,-0.3951,3.62E-03,2.16E+00,2.5108,233,171,22,255,118
151201.1333,151200.0333,254,3.316,21.72,3.316,8.7235,2.0571,2.0483,2.0293,0.934,-0.3935,3.36E-03,2.15E+00,2.5093,238,168,17,255,115
151801.1333,151800.0333,255,3.289,21.71,3.289,8.6652,2.0554,2.0393,2.031,0.9346,-0.3943,3.27E-03,2.16E+00,2.4998,235,167,20,255,117
152401.1333,152400.0333,256,3.442,21.6,3.442,8.9819,2.0482,2.0439,2.0313,0.9344,-0.396,3.22E-03,2.16E+00,2.4992,236,167,19,255,116
153001.1333,153000.0333,257,3.473,21.51,3.473,9.0507,2.0482,2.0495,2.032,0.9344,-0.3979,3.84E-03,2.16E+00,2.4914,236,160,19,255,116
153601.1333,153600.0333,258,3.339,21.61,3.339,8.7668,2.0486,2.0458,2.032,0.9344,-0.3958,3.42E-03,2.15E+00,2.4995,235,168,20,255,117
154201.1333,154200.0333,259,3.294,21.71,3.294,8.6792,2.0491,2.0401,2.0311,0.9347,-0.3943,3.52E-03,2.15E+00,2.4849,236,171,19,255,116
154801.1333,154800.0333,260,3.346,21.7,3.346,8.7829,2.0487,2.0414,2.0311,0.9345,-0.3943,3.60E-03,2.15E+00,2.4855,234,166,21,255,118
155401.1333,155400.0333,261,3.349,21.63,3.349,8.7885,2.0483,2.0442,2.031,0.9342,-0.3955,3.87E-03,2.15E+00,2.4867,236,168,19,255,116
156001.1333,156000.0333,262,3.307,21.74,3.307,8.7024,2.0479,2.0411,2.0314,0.9349,-0.394,3.32E-03,2.15E+00,2.4893,237,166,18,255,116
156601.1333,156600.0333,263,3.449,21.79,3.449,9.0056,2.0497,2.0492,2.0301,0.9346,-0.3928,3.00E-03,2.15E+00,2.4765,235,168,20,255,117
157201.1333,157200.0333,264,3.394,21.78,3.394,8.8853,2.0495,2.0457,2.0304,0.9345,-0.3929,3.29E-03,2.15E+00,2.476,235,169,20,255,117
157801.1333,157800.0333,265,3.301,21.63,3.301,8.6893,2.0485,2.0406,2.0308,0.9343,-0.3955,3.15E-03,2.15E+00,2.4793,233,165,22,255,118
158401.1333,158400.0333,266,3.305,21.78,3.305,8.7032,2.0496,2.0355,2.0298,0.9344,-0.3929,3.20E-03,2.15E+00,2.4724,234,167,21,255,118
159001.1333,159000.0333,267,3.428,21.81,3.428,8.9581,2.0492,2.0435,2.0306,0.9347,-0.3926,3.05E-03,2.15E+00,2.47,233,163,22,255,118
159601.1333,159600.0333,268,3.321,21.86,3.321,8.7345,2.0498,2.047,2.0299,0.9347,-0.3917,3.38E-03,2.15E+00,2.4687,235,175,20,255,117
160201.1333,160200.0333,269,3.42,21.73,3.42,8.9379,2.0495,2.0398,2.0302,0.9343,-0.3936,3.10E-03,2.14E+00,2.4757,237,170,18,255,116
160801.1333,160800.0333,270,3.309,21.81,3.309,8.7104,2.0496,2.0456,2.03,0.9344,-0.3924,3.78E-03,2.15E+00,2.4655,238,175,17,255,115
161401.1333,161400.0333,271,3.464,21.26,3.464,9.0407,2.0504,2.0493,2.0291,0.9323,-0.4006,4.11E-03,2.15E+00,2.4656,237,163,18,255,116
162001.1333,162000.0333,272,3.312,21.68,3.312,8.7195,2.0493,2.0466,2.0307,0.9341,-0.3945,3.33E-03,2.15E+00,2.4662,237,169,18,255,116
162601.1333,162600.0333,273,3.344,21.86,3.344,8.7793,2.0497,2.0407,2.0306,0.9348,-0.3919,3.03E-03,2.15E+00,2.4592,235,162,20,255,117
163201.1333,163200.0333,274,3.364,21.79,3.364,8.8194,2.0495,2.0425,2.0297,0.9345,-0.3927,3.05E-03,2.15E+00,2.4579,235,165,20,255,117
163801.1333,163800.0333,275,3.307,21.77,3.307,8.7035,2.048,2.0337,2.0314,0.935,-0.3935,3.04E-03,2.15E+00,2.4639,237,165,18,255,116
164401.1333,164400.0333,276,3.352,21.59,3.352,8.797,2.0497,2.0399,2.0306,0.9337,-0.3957,3.45E-03,2.14E+00,2.4626,237,163,18,255,116
165001.1333,165000.0333,277,3.337,21.75,3.337,8.7667,2.0497,2.0457,2.03,0.9342,-0.3932,2.62E-03,2.15E+00,2.4575,239,174,16,255,115
165601.1333,165600.0333,278,3.259,21.87,3.259,8.6083,2.0496,2.0385,2.0297,0.9349,-0.3916,3.30E-03,2.15E+00,2.449,235,168,20,255,117
166201.1333,166200.0333,279,3.312,22.07,3.312,8.7167,2.0484,2.0374,2.0297,0.9356,-0.3887,3.18E-03,2.14E+00,2.4496,235,167,20,255,117
166801.1333,166800.0333,280,3.407,21.79,3.407,8.9179,2.0498,2.0422,2.0292,0.934,-0.3924,3.83E-03,2.14E+00,2.4477,235,163,20,255,117
167401.1333,167400.0333,281,3.347,22.15,3.347,8.7806,2.0444,2.0394,2.0339,0.9373,-0.3887,3.30E-03,2.15E+00,2.4428,237,170,18,255,116
168001.1333,168000.0333,282,3.43,22.12,3.43,8.9589,2.0447,2.0405,2.0331,0.9371,-0.3891,3.12E-03,2.15E+00,2.444,239,163,16,255,115
168601.1333,168600.0333,283,3.306,22.1,3.306,8.7012,2.045,2.0446,2.0331,0.937,-0.3893,3.39E-03,2.14E+00,2.4464,238,167,17,255,115
169201.1333,169200.0333,284,3.278,22.31,3.278,8.6451,2.0476,2.0325,2.0305,0.9367,-0.3854,3.00E-03,2.14E+00,2.4294,240,161,15,255,114
169801.1333,169800.0333,285,3.328,22.15,3.328,8.7459,2.0451,2.0436,2.0337,0.9371,-0.3885,3.26E-03,2.14E+00,2.4366,236,166,19,255,116
170401.1333,170400.0333,286,3.309,22.28,3.309,8.7078,2.0446,2.0451,2.033,0.9377,-0.3867,3.24E-03,2.14E+00,2.4387,237,164,18,255,116
171001.1333,171000.0333,287,3.301,22.12,3.301,8.6919,2.0448,2.0458,2.0333,0.937,-0.3891,4.16E-03,2.14E+00,2.4365,238,174,17,255,115
171601.1333,171600.0333,288,3.325,22.17,3.325,8.7358,2.045,2.0468,2.0334,0.9372,-0.3883,3.23E-03,2.14E+00,2.4356,237,166,18,255,116
172201.1333,172200.0333,289,3.328,21.98,3.328,8.7533,2.0501,2.0494,2.0287,0.9347,-0.3895,3.24E-03,2.14E+00,2.4299,239,170,16,255,115
172801.1333,172800.0333,290,3.316,22,3.316,8.7211,2.0454,2.0419,2.0333,0.9364,-0.3905,3.26E-03,2.14E+00,2.4335,239,170,16,255,115
173401.1333,173400.0333,291,3.367,22.31,3.367,8.8257,2.0453,2.0413,2.0336,0.9375,-0.3861,3.20E-03,2.14E+00,2.4322,235,166,20,255,117
174001.1333,174000.0333,292,3.322,22.07,3.322,8.7345,2.0452,2.047,2.0327,0.9366,-0.3896,3.37E-03,2.14E+00,2.4271,241,169,14,255,113
174601.1333,174600.0333,293,3.358,22.18,3.358,8.8054,2.0452,2.0488,2.0331,0.9371,-0.388,3.43E-03,2.14E+00,2.4293,237,166,18,255,116
175201.1333,175200.0333,294,3.337,22.23,3.337,8.7645,2.045,2.0432,2.0328,0.9373,-0.3873,3.20E-03,2.14E+00,2.4313,237,163,18,255,116
175801.1333,175800.0333,295,3.342,22.08,3.342,8.7731,2.0455,2.0423,2.0319,0.9364,-0.3891,3.65E-03,2.14E+00,2.4256,237,173,18,255,116
176401.1333,176400.0333,296,3.323,22.04,3.323,8.741,2.0486,2.0332,2.0299,0.9354,-0.389,3.47E-03,2.14E+00,2.4195,236,171,19,255,116
177001.1333,177000.0333,297,3.306,22.42,3.306,8.7062,2.0536,2.0536,2.0304,0.9371,-0.3838,3.18E-03,2.14E+00,2.4135,237,165,18,255,116
177601.1333,177600.0333,298,3.395,22.28,3.395,8.8977,2.0496,2.043,2.0284,0.9356,-0.3851,3.33E-03,2.13E+00,2.41,236,172,19,255,116
178201.1333,178200.0333,299,3.309,22.55,3.309,8.7111,2.0447,2.0431,2.0327,0.9382,-0.3826,3.24E-03,2.14E+00,2.4058,237,171,18,255,116
178801.1333,178800.0333,300,3.32,22.42,3.32,8.7318,2.0467,2.0264,2.0308,0.937,-0.3838,3.37E-03,2.13E+00,2.4102,237,163,18,255,116
179401.1333,179400.0333,301,3.369,22.49,3.369,8.8324,2.0441,2.0443,2.0328,0.9381,-0.3834,3.54E-03,2.14E+00,2.4085,237,171,18,255,116
180001.1333,180000.0333,302,3.305,22.27,3.305,8.7043,2.0491,2.0319,2.0288,0.9357,-0.3853,3.32E-03,2.13E+00,2.4061,237,171,18,255,116
180601.1333,180600.0333,303,3.337,22.48,3.337,8.7651,2.0441,2.0397,2.033,0.9383,-0.3837,3.22E-03,2.14E+00,2.4059,237,166,18,255,116
181201.1333,181200.0333,304,3.312,22.53,3.312,8.7142,2.0462,2.0103,2.0308,0.9374,-0.3822,3.34E-03,2.13E+00,2.3993,235,167,20,255,117
181801.1333,181800.0333,305,3.333,22.64,3.333,8.7606,2.0532,2.0449,2.0296,0.9375,-0.3804,3.21E-03,2.13E+00,2.3975,238,171,17,255,115
182401.1333,182400.0333,306,3.349,22.3,3.349,8.7893,2.0453,2.0095,2.0317,0.9369,-0.3858,4.01E-03,2.13E+00,2.4029,239,170,16,255,115
183001.1333,183000.0333,307,3.319,22.48,3.319,8.7306,2.0455,2.011,2.0316,0.9377,-0.3834,3.44E-03,2.13E+00,2.4005,235,167,20,255,117
183601.1333,183600.0333,308,3.313,22.52,3.313,8.7226,2.0463,2.0322,2.0312,0.9376,-0.3825,3.32E-03,2.13E+00,2.399,238,168,17,255,115
184201.1333,184200.0333,309,3.334,22.34,3.334,8.7628,2.0486,2.0335,2.0285,0.9359,-0.3843,3.24E-03,2.13E+00,2.3987,237,169,18,255,116
184801.1333,184800.0333,310,3.278,22.55,3.278,8.6528,2.046,2.0301,2.0312,0.9377,-0.3821,3.43E-03,2.13E+00,2.3959,237,166,18,255,116
185401.1333,185400.0333,311,3.352,22.48,3.352,8.7958,2.0464,2.0267,2.0311,0.9373,-0.383,3.43E-03,2.13E+00,2.4032,235,167,20,255,117
186001.1333,186000.0333,312,3.335,22.67,3.335,8.7621,2.0447,2.0256,2.0329,0.9386,-0.3808,3.10E-03,2.13E+00,2.3967,235,168,20,255,117
186601.1333,186600.0333,313,3.309,22.27,3.309,8.7092,2.0475,2.0298,2.0298,0.9362,-0.3857,3.45E-03,2.13E+00,2.3903,235,166,20,255,117
187201.1333,187200.0333,314,3.228,22.32,3.228,8.5491,2.0464,2.0303,2.0308,0.9368,-0.3853,3.48E-03,2.13E+00,2.3892,237,168,18,255,116
187801.1333,187800.0333,315,3.348,22.42,3.348,8.7924,2.0455,2.0086,2.0323,0.9374,-0.3841,3.90E-03,2.13E+00,2.3936,239,166,16,255,115
188401.1333,188400.0333,316,3.306,22.2,3.306,8.71,2.0472,2.0348,2.0295,0.9359,-0.3867,3.99E-03,2.13E+00,2.3898,235,176,20,255,117
189001.1333,189000.0333,317,3.253,22.48,3.253,8.6077,2.055,2.0447,2.0279,0.9361,-0.382,3.66E-03,2.12E+00,2.3818,237,169,18,255,116
189601.1333,189600.0333,318,3.27,22.77,3.27,8.6378,2.0538,2.0373,2.0288,0.9375,-0.3782,3.51E-03,2.12E+00,2.3861,238,172,17,255,115
190201.1333,190200.0333,319,3.316,22.89,3.316,8.721,2.0424,2.0257,2.0336,0.9398,-0.3782,3.49E-03,2.13E+00,2.3822,235,160,20,255,117
190801.1333,190800.0333,320,3.307,22.77,3.307,8.7068,2.0434,2.0094,2.0322,0.9391,-0.3796,3.45E-03,2.13E+00,2.3799,237,167,18,255,116
191401.1333,191400.0333,321,3.293,22.82,3.293,8.6787,2.0518,2.0157,2.0301,0.9383,-0.378,3.70E-03,2.12E+00,2.3763,236,168,19,255,116
192001.1333,192000.0333,322,3.271,22.9,3.271,8.6371,2.0532,2.0385,2.029,0.938,-0.3765,3.49E-03,2.13E+00,2.3695,239,165,16,255,115
192601.1333,192600.0333,323,3.291,22.68,3.291,8.6781,2.0538,2.0385,2.0278,0.9369,-0.3793,3.71E-03,2.12E+00,2.3766,235,166,20,255,117
193201.1333,193200.0333,324,3.31,23.01,3.31,8.7122,2.0489,2.0107,2.0328,0.94,-0.3762,3.31E-03,2.13E+00,2.3723,236,166,19,255,116
193801.1333,193800.0333,325,3.295,22.72,3.295,8.686,2.0533,2.0448,2.0282,0.9373,-0.379,3.32E-03,2.12E+00,2.3777,235,166,20,255,117
194401.1333,194400.0333,326,3.293,22.86,3.293,8.6796,2.052,2.0341,2.0293,0.9382,-0.3774,3.46E-03,2.12E+00,2.3678,237,167,18,255,116
195001.1333,195000.0333,327,3.313,22.85,3.313,8.7253,2.0535,2.045,2.0274,0.9374,-0.3769,3.38E-03,2.12E+00,2.3672,240,164,15,255,114
195601.1333,195600.0333,328,3.275,22.72,3.275,8.6466,2.0546,2.0429,2.0272,0.9368,-0.3786,3.55E-03,2.12E+00,2.3632,237,163,18,255,116
196201.1333,196200.0333,329,3.317,22.9,3.317,8.7266,2.05,2.033,2.0307,0.939,-0.3774,3.54E-03,2.12E+00,2.3668,235,164,20,255,117
196801.1333,196800.0333,330,3.303,22.88,3.303,8.6965,2.0438,2.0308,2.0324,0.9393,-0.3779,3.38E-03,2.12E+00,2.37,233,166,22,255,118
197401.1333,197400.0333,331,3.28,22.7,3.28,8.6541,2.0519,2.0307,2.0301,0.9378,-0.3798,3.74E-03,2.12E+00,2.364,237,165,18,255,116
198001.1333,198000.0333,332,3.305,22.66,3.305,8.701,2.0495,2.0147,2.0327,0.9386,-0.381,3.52E-03,2.12E+00,2.363,237,171,18,255,116
198601.1333,198600.0333,333,3.269,22.53,3.269,8.6332,2.0531,2.0405,2.0291,0.9368,-0.3817,4.15E-03,2.12E+00,2.361,239,166,16,255,115
199201.1333,199200.0333,334,3.301,22.69,3.301,8.6979,2.0525,2.0451,2.0291,0.9375,-0.3797,3.71E-03,2.12E+00,2.3712,236,166,19,255,116
199801.1333,199800.0333,335,3.306,22.82,3.306,8.7086,2.0515,2.0334,2.0297,0.9382,-0.3781,3.42E-03,2.12E+00,2.364,238,165,17,255,115
200401.1333,200400.0333,336,3.267,22.68,3.267,8.6267,2.051,2.0351,2.0307,0.938,-0.3801,3.67E-03,2.12E+00,2.3598,235,168,20,255,117
201001.1333,201000.0333,337,3.249,22.77,3.249,8.5897,2.0509,2.0288,2.0311,0.9384,-0.379,3.72E-03,2.12E+00,2.3619,237,164,18,255,116
201601.1333,201600.0333,338,3.271,22.73,3.271,8.6353,2.0496,2.0133,2.0327,0.9387,-0.3799,3.94E-03,2.12E+00,2.3607,235,161,20,255,117
202201.1333,202200.0333,339,3.301,22.8,3.301,8.6989,2.05,2.0143,2.0311,0.9386,-0.3787,3.61E-03,2.12E+00,2.3623,237,168,18,255,116
202801.1333,202800.0333,340,3.31,22.72,3.31,8.7139,2.0801,2.0752,2.0302,0.9379,-0.3794,3.74E-03,2.12E+00,2.3576,236,169,19,255,116             2.0215
203401.1333,203400.0333,341,3.387,22.7,3.387,8.8839,2.0803,2.0775,2.0296,0.9378,-0.3797,3.98E-03,2.12E+00,2.357,240,167,15,255,114
204001.1333,204000.0333,342,3.245,22.69,3.245,8.5828,2.0807,2.0739,2.03,0.9377,-0.3798,3.55E-03,2.12E+00,2.353,239,165,16,255,115
204601.1333,204600.0333,343,3.326,22.67,3.326,8.7495,2.0803,2.074,2.0294,0.9377,-0.3801,4.10E-03,2.12E+00,2.3541,241,172,14,255,113
205201.1333,205200.0333,344,3.235,22.6,3.235,8.5641,2.0822,2.0733,2.0282,0.9368,-0.3806,3.53E-03,2.12E+00,2.3504,237,163,18,255,116
205801.1333,205800.0333,345,3.308,22.77,3.308,8.7161,2.0808,2.0699,2.0296,0.9377,-0.3785,4.32E-03,2.12E+00,2.3572,239,168,16,255,115
206401.1333,206400.0333,346,3.283,22.92,3.283,8.6611,2.0796,2.069,2.03,0.9387,-0.3767,3.43E-03,2.12E+00,2.3564,239,171,16,255,115
207001.1333,207000.0333,347,3.368,22.93,3.368,8.8361,2.0794,2.0704,2.0305,0.9388,-0.3767,2.94E-03,2.12E+00,2.3499,241,168,14,255,113
207601.1333,207600.0333,348,3.304,22.71,3.304,8.7061,2.0818,2.0723,2.0278,0.9371,-0.3789,3.59E-03,2.11E+00,2.3564,237,168,18,255,116
208201.1333,208200.0333,349,3.232,22.97,3.232,8.5539,2.0791,2.0663,2.0311,0.939,-0.3762,3.52E-03,2.12E+00,2.3481,238,170,17,255,115
208801.1333,208800.0333,350,3.283,22.82,3.283,8.6593,2.0796,2.0711,2.0311,0.9384,-0.3782,3.76E-03,2.12E+00,2.3484,235,166,20,255,117
209401.1333,209400.0333,351,3.357,22.88,3.357,8.8112,2.0805,2.0708,2.0295,0.9382,-0.377,3.68E-03,2.11E+00,2.3473,239,167,16,255,115
210001.1333,210000.0333,352,3.283,22.84,3.283,8.6608,2.0801,2.0671,2.0297,0.9382,-0.3777,3.58E-03,2.12E+00,2.3398,236,172,19,255,116
210601.1333,210600.0333,353,3.31,22.74,3.31,8.7152,2.0794,2.0656,2.0295,0.9378,-0.379,3.88E-03,2.12E+00,2.3495,241,165,14,255,113
211201.1333,211200.0333,354,3.303,22.81,3.303,8.7044,2.0804,2.0713,2.0297,0.938,-0.378,3.78E-03,2.12E+00,2.3385,243,172,12,255,112
211801.1333,211800.0333,355,3.294,22.71,3.294,8.6837,2.0804,2.0734,2.0289,0.9374,-0.3793,3.79E-03,2.12E+00,2.3447,238,169,17,255,115
212401.1333,212400.0333,356,3.237,22.87,3.237,8.5678,2.0802,2.0735,2.0296,0.9383,-0.3773,3.90E-03,2.12E+00,2.3419,238,164,17,255,115
213001.1333,213000.0333,357,3.28,23.03,3.28,8.6574,2.0806,2.0761,2.0292,0.9386,-0.375,3.32E-03,2.11E+00,2.3389,238,171,17,255,115
213601.1333,213600.0333,358,3.284,22.97,3.284,8.6712,2.0813,2.0764,2.0279,0.9379,-0.3753,3.84E-03,2.11E+00,2.3413,240,170,15,255,114
214201.1333,214200.0333,359,3.249,22.66,3.249,8.5915,2.0459,2.0431,2.0291,0.9373,-0.3799,3.81E-03,2.12E+00,2.3386,237,170,18,255,116
214801.1333,214800.0333,360,3.297,22.9,3.297,8.6884,2.0443,2.0359,2.0302,0.9385,-0.3769,3.38E-03,2.11E+00,2.3444,237,166,18,255,116
215401.1333,215400.0333,361,3.295,22.65,3.295,8.6893,2.0465,2.0433,2.0276,0.9367,-0.3797,4.01E-03,2.11E+00,2.3373,236,165,19,255,116
216001.1333,216000.0333,362,3.37,22.72,3.37,8.8443,2.0448,2.0425,2.0303,0.9378,-0.3794,5.08E-03,2.11E+00,2.3349,240,173,15,255,114
216601.1333,216600.0333,363,3.274,22.72,3.274,8.6395,2.0447,2.0352,2.0306,0.9379,-0.3795,4.44E-03,2.11E+00,2.3377,239,158,16,255,115
217201.1333,217200.0333,364,3.235,22.8,3.235,8.5688,2.0456,2.0418,2.0295,0.9379,-0.3781,3.94E-03,2.11E+00,2.3332,239,170,16,255,115
217801.1333,217800.0333,365,3.268,22.8,3.268,8.6328,2.0462,2.0371,2.0281,0.9375,-0.3778,3.99E-03,2.11E+00,2.3363,236,165,19,255,116
218401.1333,218400.0333,366,3.258,22.64,3.258,8.6144,2.0465,2.0402,2.028,0.9368,-0.3798,3.93E-03,2.11E+00,2.3334,238,159,17,255,115
219001.1333,219000.0333,367,3.323,22.9,3.323,8.7424,2.0452,2.0421,2.0295,0.9381,-0.3767,3.81E-03,2.11E+00,2.337,237,163,18,255,116
219601.1333,219600.0333,368,3.268,22.87,3.268,8.6321,2.046,2.0367,2.0286,0.9376,-0.3767,3.82E-03,2.11E+00,2.3283,239,168,16,255,115
220201.1333,220200.0333,369,3.278,22.6,3.278,8.6459,2.0432,2.0332,2.031,0.9378,-0.3814,4.26E-03,2.11E+00,2.3394,237,175,18,255,116
220801.1333,220800.0333,370,3.256,22.8,3.256,8.6074,2.0448,2.0364,2.0287,0.9377,-0.3779,3.78E-03,2.11E+00,2.3243,236,166,19,255,116
221401.1333,221400.0333,371,3.229,22.78,3.229,8.553,2.0454,2.0395,2.0292,0.9377,-0.3782,3.89E-03,2.11E+00,2.3317,237,171,18,255,116
222001.1333,222000.0333,372,3.24,22.8,3.24,8.5798,2.0475,2.0435,2.0265,0.9368,-0.3773,4.12E-03,2.11E+00,2.328,236,159,19,255,116
222601.1333,222600.0333,373,3.294,23.15,3.294,8.6806,2.044,2.0351,2.0307,0.9393,-0.3735,3.55E-03,2.11E+00,2.335,239,165,16,255,115
223201.1333,223200.0333,374,3.362,22.97,3.362,8.8312,2.0449,2.0399,2.0292,0.9384,-0.3757,3.90E-03,2.11E+00,2.3241,237,173,18,255,116
223801.1333,223800.0333,375,3.26,22.79,3.26,8.6131,2.0439,2.0318,2.0302,0.9382,-0.3785,4.00E-03,2.11E+00,2.333,238,165,17,255,115
224401.1333,224400.0333,376,3.236,22.85,3.236,8.5655,2.044,2.0327,2.0293,0.9382,-0.3774,3.82E-03,2.11E+00,2.326,237,167,18,255,116             2.0536
