Time ADSA [s],Time Gravimetry [s],CO2 Density [g/mL],Sample Density [g/mL],Interfacial Tension [mN/m],,,,,,,,,,,,,
0,370020,0.188545277,0.95603602,10.76,,,,,,,,,,,,,
0.0333,370140,0.188549826,0.95603602,10.78,,,,,,,,,,,,,
300.0333,370380,0.188569937,0.95603602,10.35,,,,,,,,,,,,,
600.0333,370740,0.188623048,0.95603602,10.37,,,,,,,,,,,,,
900.0333,371040,0.188629832,0.95603602,10.34,,,,,,,,,,,,,
1200.0333,371280,0.188609715,0.95603602,10.32,,,,,,,,,,,,,
1500.0333,371640,0.188579539,0.95603602,10.32,,,,,,,,,,,,,
1800.0333,371880,0.188559427,0.95603602,10.36,,,,,,,,,,,,,
2100.0333,372120,0.188539316,0.95603602,10.36,,,,,,,,,,,,,
2400.0333,372540,0.188509151,0.95603602,10.31,,,,,,,,,,,,,
2700.0333,372780,0.18848905,0.95603602,10.35,,,,,,,,,,,,,
3000.0333,373140,0.188458897,0.95603602,10.33,,,,,,,,,,,,,
3300.0333,373380,0.188438798,0.95603602,10.38,,,,,,,,,,,,,
3600.0333,373680,0.188418702,0.95603602,10.35,,,,,,,,,,,,,
3900.0333,374040,0.188388559,0.95603602,10.35,,,,,,,,,,,,,
4200.0333,374280,0.188368466,0.95603602,10.36,,,,,,,,,,,,,
4500.0333,374520,0.188348377,0.95603602,10.36,,,,,,,,,,,,,
4800.0333,374940,0.188314343,0.95603602,10.34,,,,,,,,,,,,,
5100.0333,375180,0.18827418,0.95603602,10.37,,,,,,,,,,,,,
5400.0333,375540,0.188213952,0.95603602,10.36,,,,,,,,,,,,,
5700.0333,375780,0.188184298,0.95603602,10.37,,,,,,,,,,,,,
6000.0333,376080,0.188164228,0.95603602,10.39,,,,,,,,,,,,,
6300.0333,376440,0.188134132,0.95603602,10.38,,,,,,,,,,,,,
6600.0333,376680,0.188131134,0.95603602,10.38,,,,,,,,,,,,,
6900.0333,377040,0.188115793,0.95603602,10.38,,,,,,,,,,,,,
7200.0333,377340,0.188095731,0.95603602,10.37,,,,,,,,,,,,,
7500.0333,377580,0.188075672,0.95603602,10.39,,,,,,,,,,,,,
7800.0333,377940,0.188023677,0.95603602,10.37,,,,,,,,,,,,,
8100.0333,378180,0.188003895,0.95603602,10.34,,,,,,,,,,,,,
8400.0333,378480,0.188003895,0.95603602,10.39,,,,,,,,,,,,,
8700.0333,378840,0.188003895,0.95603602,10.4,,,,,,,,,,,,,
9000.0333,379080,0.188003895,0.95603602,10.37,,,,,,,,,,,,,
9300.0333,379440,0.188003895,0.95603602,10.37,,,,,,,,,,,,,
9600.0333,379740,0.188003895,0.95603602,10.37,,,,,,,,,,,,,
9900.0333,379980,0.188003895,0.95603602,10.38,,,,,,,,,,,,,
10200.0333,380340,0.188003895,0.95603602,10.38,,,,,,,,,,,,,
10500.0333,380580,0.187994055,0.95603602,10.36,,,,,,,,,,,,,
10800.0333,380880,0.187974009,0.95603602,10.38,,,,,,,,,,,,,
11100.0333,381240,0.187972102,0.95603602,10.38,,,,,,,,,,,,,
11400.0333,381480,0.187972102,0.95603602,10.37,,,,,,,,,,,,,
11700.0333,381840,0.18795741,0.95603602,10.4,,,,,,,,,,,,,
12000.0333,382140,0.18794031,0.95603602,10.37,,,,,,,,,,,,,
12300.0333,382380,0.18794031,0.95603602,10.39,,,,,,,,,,,,,
12600.0333,382740,0.18794031,0.95603602,10.38,,,,,,,,,,,,,
12900.0333,382980,0.187930792,0.95603602,10.35,,,,,,,,,,,,,
13200.0333,383280,0.187910753,0.95603602,10.49,,,,,,,,,,,,,
13500.0333,383640,0.187908528,0.95603602,10.39,,,,,,,,,,,,,
13800.0333,383880,0.187908528,0.95603602,10.37,,,,,,,,,,,,,
14100.0333,384240,0.187908528,0.95603602,10.35,,,,,,,,,,,,,
14400.0333,384540,0.187908528,0.95603602,10.38,,,,,,,,,,,,,
14700.0333,384780,0.187908528,0.95603602,10.27,,,,,,,,,,,,,
15000.0333,385140,0.187908528,0.95603602,10.4,,,,,,,,,,,,,
15300.0333,385380,0.187908528,0.95603602,10.38,,,,,,,,,,,,,
15600.0333,385680,0.187908528,0.95603602,10.38,,,,,,,,,,,,,
15900.0333,386040,0.187881013,0.95603602,10.38,,,,,,,,,,,,,
16200.0333,386280,0.187876748,0.95603602,10.38,,,,,,,,,,,,,
16500.0333,386640,0.187876748,0.95603602,10.4,,,,,,,,,,,,,
16800.0333,386940,0.187876748,0.95603602,10.39,,,,,,,,,,,,,
17100.0333,387180,0.187876748,0.95603602,10.37,,,,,,,,,,,,,
17400.0333,387540,0.187876748,0.95603602,10.4,,,,,,,,,,,,,
17700.0333,387780,0.187876748,0.95603602,10.38,,,,,,,,,,,,,
18000.0333,388080,0.187876748,0.95603602,10.4,,,,,,,,,,,,,
18300.0333,388440,0.187876748,0.95603602,10.39,,,,,,,,,,,,,
18600.0333,388680,0.187876748,0.95603602,10.36,,,,,,,,,,,,,
18900.0333,389040,0.187876748,0.95603602,10.37,,,,,,,,,,,,,
19200.0333,389340,0.187876748,0.95603602,10.4,,,,,,,,,,,,,
19500.0333,389580,0.187876748,0.95603602,10.41,,,,,,,,,,,,,
19800.0333,389940,0.187856447,0.95603602,10.38,,,,,,,,,,,,,
20100.0333,390180,0.187836415,0.95603602,10.36,,,,,,,,,,,,,
20400.0333,390480,0.187816384,0.95603602,10.36,,,,,,,,,,,,,
20700.0333,390840,0.187759482,0.95603602,10.35,,,,,,,,,,,,,
21000.0333,391080,0.187719441,0.95603602,10.37,,,,,,,,,,,,,
21300.0333,391440,0.187672792,0.95603602,10.37,,,,,,,,,,,,,
21600.0333,391740,0.187654449,0.95603602,10.39,,,,,,,,,,,,,
21900.0333,391980,0.187654449,0.95603602,10.39,,,,,,,,,,,,,
22200.0333,392340,0.187654449,0.95603602,10.38,,,,,,,,,,,,,
22500.0333,392580,0.187654449,0.95603602,10.38,,,,,,,,,,,,,
22800.0333,392820,0.187654449,0.95603602,10.39,,,,,,,,,,,,,
23100.0333,393240,0.187654449,0.95603602,10.39,,,,,,,,,,,,,
23400.0333,393480,0.187654449,0.95603602,10.38,,,,,,,,,,,,,
23700.0333,393840,0.187654449,0.95603602,10.37,,,,,,,,,,,,,
24000.0333,394140,0.187654449,0.95603602,10.41,,,,,,,,,,,,,
24300.0333,394380,0.187654449,0.95603602,10.4,,,,,,,,,,,,,
24600.0333,394740,0.187654449,0.95603602,10.41,,,,,,,,,,,,,
24900.0333,394980,0.187654449,0.95603602,10.4,,,,,,,,,,,,,
25200.0333,395220,0.187654449,0.95603602,10.37,,,,,,,,,,,,,
25500.0333,395640,0.187654449,0.95603602,10.39,,,,,,,,,,,,,
25800.0333,395880,0.187654449,0.95603602,10.41,,,,,,,,,,,,,
26100.0333,396240,0.187654449,0.95603602,10.4,,,,,,,,,,,,,
26400.0333,396540,0.187654449,0.95603602,10.39,,,,,,,,,,,,,
26700.0333,396780,0.187654449,0.95603602,10.4,,,,,,,,,,,,,
27000.0333,397140,0.187654449,0.95603602,10.36,,,,,,,,,,,,,
27300.0333,397380,0.187646849,0.95603602,10.4,,,,,,,,,,,,,
27600.0333,397620,0.187626838,0.95603602,10.4,,,,,,,,,,,,,
27900.0333,398040,0.187622712,0.95603602,10.41,,,,,,,,,,,,,
28200.0333,398280,0.187622712,0.95603602,10.38,,,,,,,,,,,,,
28500.0333,398640,0.187622712,0.95603602,10.4,,,,,,,,,,,,,
28800.0333,398880,0.187622712,0.95603602,10.38,,,,,,,,,,,,,
29100.0333,399180,0.187622712,0.95603602,10.38,,,,,,,,,,,,,
29400.0333,399540,0.187622712,0.95603602,10.41,,,,,,,,,,,,,
29700.0333,399780,0.187622712,0.95603602,10.41,,,,,,,,,,,,,
30000.0333,400020,0.187622712,0.95603602,10.41,,,,,,,,,,,,,
30300.0333,400440,0.187622712,0.95603602,10.41,,,,,,,,,,,,,
30600.0333,400680,0.187622712,0.95603602,10.38,,,,,,,,,,,,,
30900.0333,401040,0.187622712,0.95603602,10.4,,,,,,,,,,,,,
31200.0333,401280,0.187622712,0.95603602,10.36,,,,,,,,,,,,,
31500.0333,401580,0.187622712,0.95603602,10.43,,,,,,,,,,,,,
31800.0333,401940,0.187622712,0.95603602,10.41,,,,,,,,,,,,,
32100.0333,402180,0.187622712,0.95603602,10.39,,,,,,,,,,,,,
32400.0333,402420,0.187622712,0.95603602,10.4,,,,,,,,,,,,,
32700.0333,402840,0.187622712,0.95603602,10.42,,,,,,,,,,,,,
33000.0333,403080,0.187622712,0.95603602,10.4,,,,,,,,,,,,,
33300.0333,403440,0.187622712,0.95603602,10.38,,,,,,,,,,,,,
33600.0333,403680,0.187622712,0.95603602,10.39,,,,,,,,,,,,,
33900.0333,403980,0.187622712,0.95603602,10.42,,,,,,,,,,,,,
34200.0333,404340,0.187622712,0.95603602,10.4,,,,,,,,,,,,,
34500.0333,404580,0.187622712,0.95603602,10.36,,,,,,,,,,,,,
34800.0333,404940,0.187617786,0.95603602,10.39,,,,,,,,,,,,,
35100.0333,405240,0.18759778,0.95603602,10.41,,,,,,,,,,,,,
35400.0333,405480,0.187590984,0.95603602,10.4,,,,,,,,,,,,,
35700.0333,405840,0.187590984,0.95603602,10.41,,,,,,,,,,,,,
36000.0333,406080,0.187590984,0.95603602,10.37,,,,,,,,,,,,,
36300.0333,406380,0.187590984,0.95603602,10.36,,,,,,,,,,,,,
36600.0333,406740,0.187572935,0.95603602,10.41,,,,,,,,,,,,,
36900.0333,406980,0.187559262,0.95603602,10.4,,,,,,,,,,,,,
37200.0333,407340,0.187559262,0.95603602,10.41,,,,,,,,,,,,,
37500.0333,407640,0.187559262,0.95603602,10.38,,,,,,,,,,,,,
37800.0333,407880,0.187559262,0.95603602,10.43,,,,,,,,,,,,,
38100.0333,408240,0.187559262,0.95603602,10.41,,,,,,,,,,,,,
38400.0333,408480,0.187559262,0.95603602,10.41,,,,,,,,,,,,,
38700.0333,408780,0.187539811,0.95603602,10.41,,,,,,,,,,,,,
39000.0333,409140,0.187527541,0.95603602,10.39,,,,,,,,,,,,,
39300.0333,409380,0.187533551,0.95603602,10.39,,,,,,,,,,,,,
39600.0333,409740,0.187559262,0.95603602,10.39,,,,,,,,,,,,,
39900.0333,410040,0.187559262,0.95603602,10.42,,,,,,,,,,,,,
40200.0333,410280,0.187559262,0.95603602,10.42,,,,,,,,,,,,,
40500.0333,410640,0.187559262,0.95603602,10.39,,,,,,,,,,,,,
40800.0333,410880,0.187559262,0.95603602,10.39,,,,,,,,,,,,,
41100.0333,411180,0.187559262,0.95603602,10.42,,,,,,,,,,,,,
41400.0333,411540,0.187559262,0.95603602,10.39,,,,,,,,,,,,,
41700.0333,411780,0.187559262,0.95603602,10.42,,,,,,,,,,,,,
42000.0333,412140,0.187563236,0.95603602,10.38,,,,,,,,,,,,,
42300.0333,412440,0.187583237,0.95603602,10.4,,,,,,,,,,,,,
42600.0333,412680,0.187590984,0.95603602,10.4,,,,,,,,,,,,,
42900.0333,413040,0.187590984,0.95603602,10.41,,,,,,,,,,,,,
43200.0333,413280,0.187590984,0.95603602,10.41,,,,,,,,,,,,,
43500.0333,413580,0.187590984,0.95603602,10.42,,,,,,,,,,,,,
43800.0333,413940,0.187590984,0.95603602,10.41,,,,,,,,,,,,,
44100.0333,414180,0.187590984,0.95603602,10.51,,,,,,,,,,,,,
44400.0333,414540,0.187587327,0.95603602,10.4,,,,,,,,,,,,,
44700.0333,414840,0.187567325,0.95603602,10.42,,,,,,,,,,,,,
45000.0333,415080,0.187559262,0.95603602,10.44,,,,,,,,,,,,,
45300.0333,415440,0.187549044,0.95603602,10.4,,,,,,,,,,,,,
45600.0333,415680,0.187529043,0.95603602,10.39,,,,,,,,,,,,,
45900.0333,415980,0.187509047,0.95603602,10.43,,,,,,,,,,,,,
46200.0333,416340,0.187495829,0.95603602,10.38,,,,,,,,,,,,,
46500.0333,416580,0.187480658,0.95603602,10.41,,,,,,,,,,,,,
46800.0333,416940,0.18739738,0.95603602,10.39,,,,,,,,,,,,,
47100.0333,417240,0.187377393,0.95603602,10.43,,,,,,,,,,,,,
47400.0333,417480,0.187357413,0.95603602,10.41,,,,,,,,,,,,,
47700.0333,417840,0.187307672,0.95603602,10.41,,,,,,,,,,,,,
48000.0333,418080,0.187247754,0.95603602,10.43,,,,,,,,,,,,,
48300.0333,418380,0.187224155,0.95603602,10.41,,,,,,,,,,,,,
48600.0333,418740,0.187194207,0.95603602,10.39,,,,,,,,,,,,,
48900.0333,418980,0.187178976,0.95603602,10.42,,,,,,,,,,,,,
49200.0333,419340,0.18717596,0.95603602,10.42,,,,,,,,,,,,,
49500.0333,419640,0.187155998,0.95603602,10.38,,,,,,,,,,,,,
49800.0333,419880,0.18713604,0.95603602,10.42,,,,,,,,,,,,,
50100.0333,420240,0.187115668,0.95603602,10.43,,,,,,,,,,,,,
50400.0333,420480,0.187115668,0.95603602,10.41,,,,,,,,,,,,,
50700.0333,420720,0.187115668,0.95603602,10.4,,,,,,,,,,,,,
51000.0333,421140,0.187115668,0.95603602,10.44,,,,,,,,,,,,,
51300.0333,421380,0.187115668,0.95603602,10.4,,,,,,,,,,,,,
51600.0333,421740,0.187115668,0.95603602,10.4,,,,,,,,,,,,,
51900.0333,422040,0.187115668,0.95603602,10.42,,,,,,,,,,,,,
52200.0333,422280,0.187115668,0.95603602,10.43,,,,,,,,,,,,,
52500.0333,422640,0.187115668,0.95603602,10.41,,,,,,,,,,,,,
52800.0333,422880,0.187115668,0.95603602,10.4,,,,,,,,,,,,,
53100.0333,423120,0.187133175,0.95603602,10.41,,,,,,,,,,,,,
53400.0333,423540,0.187147318,0.95603602,10.42,,,,,,,,,,,,,
53700.0333,423780,0.187147318,0.95603602,10.4,,,,,,,,,,,,,
54000.0333,424140,0.187147318,0.95603602,10.39,,,,,,,,,,,,,
54300.0333,424380,0.187147318,0.95603602,10.39,,,,,,,,,,,,,
54600.0333,424680,0.187157965,0.95603602,10.4,,,,,,,,,,,,,
54900.0333,425040,0.187178976,0.95603602,10.41,,,,,,,,,,,,,
55200.0333,425280,0.187178976,0.95603602,10.41,,,,,,,,,,,,,
55500.0333,425520,0.187213371,0.95603602,10.4,,,,,,,,,,,,,
55800.0333,425940,0.187257791,0.95603602,10.42,,,,,,,,,,,,,
56100.0333,426180,0.187277762,0.95603602,10.39,,,,,,,,,,,,,
56400.0333,426540,0.187309785,0.95603602,10.41,,,,,,,,,,,,,
56700.0333,426780,0.18734974,0.95603602,10.42,,,,,,,,,,,,,
57000.0333,427080,0.187379363,0.95603602,10.4,,,,,,,,,,,,,
57300.0333,427440,0.187409343,0.95603602,10.41,,,,,,,,,,,,,
57600.0333,427680,0.187429328,0.95603602,10.41,,,,,,,,,,,,,
57900.0333,427920,0.187449317,0.95603602,10.38,,,,,,,,,,,,,
58200.0333,428340,0.187494493,0.95603602,10.39,,,,,,,,,,,,,
58500.0333,428580,0.187527541,0.95603602,10.4,,,,,,,,,,,,,
58800.0333,428940,0.187529294,0.95603602,10.38,,,,,,,,,,,,,
59100.0333,429180,0.187549294,0.95603602,10.4,,,,,,,,,,,,,
59400.0333,429480,0.18757933,0.95603602,10.42,,,,,,,,,,,,,
59700.0333,429840,0.187655986,0.95603602,10.4,,,,,,,,,,,,,
60000.0333,430080,0.187736052,0.95603602,10.4,,,,,,,,,,,,,
60300.0333,430440,0.187829578,0.95603602,10.4,,,,,,,,,,,,,
60600.0333,430740,0.187830078,0.95603602,10.4,,,,,,,,,,,,,
60900.0333,430980,0.187810047,0.95603602,10.39,,,,,,,,,,,,,
61200.0333,431340,0.187780002,0.95603602,10.38,,,,,,,,,,,,,
61500.0333,431580,0.187759982,0.95603602,10.38,,,,,,,,,,,,,
61800.0333,431880,0.187739961,0.95603602,10.36,,,,,,,,,,,,,
62100.0333,432240,0.187709931,0.95603602,10.42,,,,,,,,,,,,,
62400.0333,432480,0.187689917,0.95603602,10.41,,,,,,,,,,,,,
62700.0333,432840,0.187659895,0.95603602,10.41,,,,,,,,,,,,,
63000.0333,433140,0.187654449,0.95603602,10.37,,,,,,,,,,,,,
63300.0333,433380,0.187651609,0.95603602,10.39,,,,,,,,,,,,,
63600.0333,433740,0.187621593,0.95603602,10.4,,,,,,,,,,,,,
63900.0333,433980,0.187601587,0.95603602,10.38,,,,,,,,,,,,,
64200.0333,434280,0.187581584,0.95603602,10.38,,,,,,,,,,,,,
64500.0333,434640,0.187559262,0.95603602,10.41,,,,,,,,,,,,,
64800.0333,434880,0.187559262,0.95603602,10.38,,,,,,,,,,,,,
65100.0333,435240,0.1875333,0.95603602,10.44,,,,,,,,,,,,,
65400.0333,435540,0.187513303,0.95603602,10.43,,,,,,,,,,,,,
65700.0333,435780,0.187493309,0.95603602,10.4,,,,,,,,,,,,,
66000.0333,436140,0.187464119,0.95603602,10.4,,,,,,,,,,,,,
66300.0333,436380,0.187464119,0.95603602,10.41,,,,,,,,,,,,,
66600.0333,436680,0.18745504,0.95603602,10.4,,,,,,,,,,,,,
66900.0333,437040,0.187425056,0.95603602,10.39,,,,,,,,,,,,,
67200.0333,437280,0.187405071,0.95603602,10.39,,,,,,,,,,,,,
67500.0333,437640,0.187400718,0.95603602,10.42,,,,,,,,,,,,,
67800.0333,437940,0.187386803,0.95603602,10.41,,,,,,,,,,,,,
68100.0333,438180,0.187369019,0.95603602,10.42,,,,,,,,,,,,,
68400.0333,438540,0.187368535,0.95603602,10.41,,,,,,,,,,,,,
68700.0333,438780,0.187348559,0.95603602,10.41,,,,,,,,,,,,,
69000.0333,439080,0.187337338,0.95603602,10.4,,,,,,,,,,,,,
69300.0333,439440,0.187337338,0.95603602,10.4,,,,,,,,,,,,,
69600.0333,439680,0.187337338,0.95603602,10.39,,,,,,,,,,,,,
69900.0333,440040,0.187312036,0.95603602,10.38,,,,,,,,,,,,,
70200.0333,440340,0.187305649,0.95603602,10.38,,,,,,,,,,,,,
70500.0333,440580,0.187305649,0.95603602,10.43,,,,,,,,,,,,,
70800.0333,440940,0.187305649,0.95603602,10.4,,,,,,,,,,,,,
71100.0333,441180,0.187305649,0.95603602,10.4,,,,,,,,,,,,,
71400.0333,441480,0.187305649,0.95603602,10.41,,,,,,,,,,,,,
71700.0333,441840,0.187298931,0.95603602,10.4,,,,,,,,,,,,,
72000.0333,442080,0.187278962,0.95603602,10.4,,,,,,,,,,,,,
72300.0333,442440,0.187273978,0.95603602,10.42,,,,,,,,,,,,,
72600.0333,442740,0.187273978,0.95603602,10.39,,,,,,,,,,,,,
72900.0333,442980,0.187273978,0.95603602,10.42,,,,,,,,,,,,,
73200.0333,443340,0.187273978,0.95603602,10.41,,,,,,,,,,,,,
73500.0333,443580,0.187254156,0.95603602,10.41,,,,,,,,,,,,,
73800.0333,443880,0.187242304,0.95603602,10.42,,,,,,,,,,,,,
74100.0333,444240,0.187242304,0.95603602,10.41,,,,,,,,,,,,,
74400.0333,444480,0.187242304,0.95603602,10.42,,,,,,,,,,,,,
74700.0333,444840,0.187242304,0.95603602,10.42,,,,,,,,,,,,,
75000.0333,445140,0.187242304,0.95603602,10.41,,,,,,,,,,,,,
75300.0333,445380,0.187242304,0.95603602,10.4,,,,,,,,,,,,,
75600.0333,445740,0.187242304,0.95603602,10.43,,,,,,,,,,,,,
75900.0333,445980,0.187261809,0.95603602,10.42,,,,,,,,,,,,,
76200.0333,446220,0.187273978,0.95603602,10.41,,,,,,,,,,,,,
76500.0333,446640,0.187273978,0.95603602,10.43,,,,,,,,,,,,,
76800.0333,446880,0.187273978,0.95603602,10.41,,,,,,,,,,,,,
77100.0333,447240,0.187273978,0.95603602,10.44,,,,,,,,,,,,,
77400.0333,447540,0.187273978,0.95603602,10.39,,,,,,,,,,,,,
77700.0333,447780,0.187273978,0.95603602,10.39,,,,,,,,,,,,,
78000.0333,448140,0.187273978,0.95603602,10.42,,,,,,,,,,,,,
78300.0333,448380,0.18725479,0.95603602,10.4,,,,,,,,,,,,,
78600.0333,448620,0.187242304,0.95603602,10.54,,,,,,,,,,,,,
78900.0333,449040,0.187242304,0.95603602,10.42,,,,,,,,,,,,,
79200.0333,449280,0.187242304,0.95603602,10.43,,,,,,,,,,,,,
79500.0333,449640,0.187242304,0.95603602,10.41,,,,,,,,,,,,,
79800.0333,449940,0.187229988,0.95603602,10.41,,,,,,,,,,,,,
80100.0333,450180,0.18721064,0.95603602,10.43,,,,,,,,,,,,,
80400.0333,450540,0.18721064,0.95603602,10.42,,,,,,,,,,,,,
80700.0333,450780,0.18721064,0.95603602,10.42,,,,,,,,,,,,,
81000.0333,451020,0.18721064,0.95603602,10.42,,,,,,,,,,,,,
81300.0333,451440,0.18721064,0.95603602,10.4,,,,,,,,,,,,,
81600.0333,451680,0.18721064,0.95603602,10.42,,,,,,,,,,,,,
81900.0333,452040,0.18721064,0.95603602,10.42,,,,,,,,,,,,,
82200.0333,452280,0.18719864,0.95603602,10.43,,,,,,,,,,,,,
82500.0333,452580,0.187178976,0.95603602,10.4,,,,,,,,,,,,,
82800.0333,452940,0.187178976,0.95603602,10.42,,,,,,,,,,,,,
83100.0333,453180,0.187178976,0.95603602,10.41,,,,,,,,,,,,,
83400.0333,453420,0.187178976,0.95603602,10.39,,,,,,,,,,,,,
83700.0333,453840,0.187173844,0.95603602,10.42,,,,,,,,,,,,,
84000.0333,454080,0.187153882,0.95603602,10.44,,,,,,,,,,,,,
84300.0333,454440,0.187147318,0.95603602,10.44,,,,,,,,,,,,,
84600.0333,454680,0.187147318,0.95603602,10.42,,,,,,,,,,,,,
84900.0333,454980,0.187147318,0.95603602,10.41,,,,,,,,,,,,,
85200.0333,455340,0.187147318,0.95603602,10.44,,,,,,,,,,,,,
85500.0333,455580,0.187165546,0.95603602,10.42,,,,,,,,,,,,,
85800.0333,455940,0.187178976,0.95603602,10.41,,,,,,,,,,,,,
86100.0333,456240,0.187178976,0.95603602,10.55,,,,,,,,,,,,,
86400.0333,456480,0.187178976,0.95603602,10.41,,,,,,,,,,,,,
86700.0333,456840,0.187178976,0.95603602,10.41,,,,,,,,,,,,,
87000.0333,457080,0.187178976,0.95603602,10.42,,,,,,,,,,,,,
87300.0333,457380,0.187178976,0.95603602,10.42,,,,,,,,,,,,,
87600.0333,457740,0.187178976,0.95603602,10.43,,,,,,,,,,,,,
87900.0333,457980,0.187178976,0.95603602,10.41,,,,,,,,,,,,,
88200.0333,458340,0.187178976,0.95603602,10.42,,,,,,,,,,,,,
88500.0333,458640,0.187178976,0.95603602,10.42,,,,,,,,,,,,,
88800.0333,458880,0.187178976,0.95603602,10.41,,,,,,,,,,,,,
89100.0333,459240,0.187133492,0.95603602,10.43,,,,,,,,,,,,,
89400.0333,459480,0.187115668,0.95603602,10.42,,,,,,,,,,,,,
89700.0333,459780,0.187115668,0.95603602,10.42,,,,,,,,,,,,,
90000.0333,460140,0.187144952,0.95603602,10.41,,,,,,,,,,,,,
90300.0333,460380,0.187147318,0.95603602,10.38,,,,,,,,,,,,,
90600.0333,460740,0.187147318,0.95603602,10.46,,,,,,,,,,,,,
90900.0333,461040,0.187147318,0.95603602,10.42,,,,,,,,,,,,,
91200.0333,461280,0.187147318,0.95603602,10.4,,,,,,,,,,,,,
91500.0333,461640,0.187147318,0.95603602,10.41,,,,,,,,,,,,,
91800.0333,461880,0.187136589,0.95603602,10.41,,,,,,,,,,,,,
92100.0333,462180,0.187116634,0.95603602,10.4,,,,,,,,,,,,,
92400.0333,462540,0.187115668,0.95603602,10.42,,,,,,,,,,,,,
92700.0333,462780,0.187115668,0.95603602,10.39,,,,,,,,,,,,,
93000.0333,463140,0.187115668,0.95603602,10.42,,,,,,,,,,,,,
93300.0333,463440,0.187115668,0.95603602,10.43,,,,,,,,,,,,,
93600.0333,463680,0.187115668,0.95603602,10.43,,,,,,,,,,,,,
93900.0333,464040,0.187115668,0.95603602,10.42,,,,,,,,,,,,,
94200.0333,464280,0.187115668,0.95603602,10.43,,,,,,,,,,,,,
94500.0333,464580,0.187115668,0.95603602,10.39,,,,,,,,,,,,,
94800.0333,464940,0.187115668,0.95603602,10.4,,,,,,,,,,,,,
95100.0333,465180,0.187115668,0.95603602,10.43,,,,,,,,,,,,,
95400.0333,465540,0.187115668,0.95603602,10.42,,,,,,,,,,,,,
95700.0333,465840,0.187115668,0.95603602,10.43,,,,,,,,,,,,,
96000.0333,466080,0.187115668,0.95603602,10.43,,,,,,,,,,,,,
96300.0333,466440,0.18709388,0.95603602,10.41,,,,,,,,,,,,,
96600.0333,466680,0.18708402,0.95603602,10.42,,,,,,,,,,,,,
96900.0333,466980,0.18708402,0.95603602,10.44,,,,,,,,,,,,,
97200.0333,467340,0.18708402,0.95603602,10.41,,,,,,,,,,,,,
97500.0333,467580,0.18708402,0.95603602,10.43,,,,,,,,,,,,,
97800.0333,467940,0.18708402,0.95603602,10.43,,,,,,,,,,,,,
98100.0333,468240,0.18708402,0.95603602,10.54,,,,,,,,,,,,,
98400.0333,468480,0.18708402,0.95603602,10.41,,,,,,,,,,,,,
98700.0333,468840,0.18708402,0.95603602,10.43,,,,,,,,,,,,,
99000.0333,469080,0.187074244,0.95603602,10.42,,,,,,,,,,,,,
99300.0333,469380,0.187054296,0.95603602,10.38,,,,,,,,,,,,,
99600.0333,469740,0.187052381,0.95603602,10.43,,,,,,,,,,,,,
99900.0333,469980,0.187052381,0.95603602,10.42,,,,,,,,,,,,,
100200.0333,470340,0.187052381,0.95603602,10.44,,,,,,,,,,,,,
100500.0333,470640,0.187052381,0.95603602,10.43,,,,,,,,,,,,,
100800.0333,470880,0.187052381,0.95603602,10.41,,,,,,,,,,,,,
101100.0333,471240,0.187031233,0.95603602,10.44,,,,,,,,,,,,,
101400.0333,471480,0.187020743,0.95603602,10.42,,,,,,,,,,,,,
101700.0333,471720,0.187020743,0.95603602,10.4,,,,,,,,,,,,,
102000.0333,472140,0.187020743,0.95603602,10.43,,,,,,,,,,,,,
102300.0333,472380,0.187020743,0.95603602,10.41,,,,,,,,,,,,,
102600.0333,472740,0.187020743,0.95603602,10.41,,,,,,,,,,,,,
102900.0333,473040,0.187018145,0.95603602,10.45,,,,,,,,,,,,,
103200.0333,473280,0.186998202,0.95603602,10.43,,,,,,,,,,,,,
103500.0333,473640,0.186989114,0.95603602,10.43,,,,,,,,,,,,,
103800.0333,473880,0.186989114,0.95603602,10.42,,,,,,,,,,,,,
104100.0333,474120,0.186989114,0.95603602,10.41,,,,,,,,,,,,,
104400.0333,474540,0.186989114,0.95603602,10.41,,,,,,,,,,,,,
104700.0333,474780,0.186989114,0.95603602,10.42,,,,,,,,,,,,,
105000.0333,475140,0.186975147,0.95603602,10.44,,,,,,,,,,,,,
105300.0333,475440,0.186957486,0.95603602,10.44,,,,,,,,,,,,,
105600.0333,475680,0.186957486,0.95603602,10.42,,,,,,,,,,,,,
105900.0333,476040,0.186957486,0.95603602,10.44,,,,,,,,,,,,,
106200.0333,476280,0.186957486,0.95603602,10.41,,,,,,,,,,,,,
106500.0333,476520,0.186957486,0.95603602,10.41,,,,,,,,,,,,,
106800.0333,476940,0.186930443,0.95603602,10.44,,,,,,,,,,,,,
107100.0333,477180,0.186925867,0.95603602,10.44,,,,,,,,,,,,,
107400.0333,477540,0.186925867,0.95603602,10.43,,,,,,,,,,,,,
107700.0333,477780,0.186925867,0.95603602,10.36,,,,,,,,,,,,,
108000.0333,478080,0.186925867,0.95603602,10.41,,,,,,,,,,,,,
108300.0333,478440,0.186905678,0.95603602,10.43,,,,,,,,,,,,,
108600.0333,478680,0.186894245,0.95603602,10.43,,,,,,,,,,,,,
108900.0333,478920,0.186894245,0.95603602,10.42,,,,,,,,,,,,,
109200.0333,479340,0.186867527,0.95603602,10.41,,,,,,,,,,,,,
109500.0333,479580,0.186862636,0.95603602,10.43,,,,,,,,,,,,,
109800.0333,479940,0.186849312,0.95603602,10.45,,,,,,,,,,,,,
110100.0333,480180,0.186831032,0.95603602,10.44,,,,,,,,,,,,,
110400.0333,480480,0.186831032,0.95603602,10.41,,,,,,,,,,,,,
110700.0333,480840,0.186811171,0.95603602,10.41,,,,,,,,,,,,,
111000.0333,481080,0.186799429,0.95603602,10.43,,,,,,,,,,,,,
111300.0333,481320,0.186799429,0.95603602,10.43,,,,,,,,,,,,,
111600.0333,481740,0.186799429,0.95603602,10.43,,,,,,,,,,,,,
111900.0333,481980,0.186784712,0.95603602,10.45,,,,,,,,,,,,,
112200.0333,482340,0.186767835,0.95603602,10.43,,,,,,,,,,,,,
112500.0333,482580,0.186766504,0.95603602,10.42,,,,,,,,,,,,,
112800.0333,482880,0.186746584,0.95603602,10.42,,,,,,,,,,,,,
113100.0333,483240,0.186736242,0.95603602,10.42,,,,,,,,,,,,,
113400.0333,483480,0.186728379,0.95603602,10.43,,,,,,,,,,,,,
113700.0333,483840,0.186704658,0.95603602,10.42,,,,,,,,,,,,,
114000.0333,484140,0.186704658,0.95603602,10.46,,,,,,,,,,,,,
114300.0333,484380,0.186704658,0.95603602,10.42,,,,,,,,,,,,,
114600.0333,484740,0.186691974,0.95603602,10.43,,,,,,,,,,,,,
114900.0333,484980,0.186672061,0.95603602,10.4,,,,,,,,,,,,,
115200.0333,485280,0.186652151,0.95603602,10.43,,,,,,,,,,,,,
115500.0333,485640,0.1866415,0.95603602,10.44,,,,,,,,,,,,,
115800.0333,485880,0.186633955,0.95603602,10.41,,,,,,,,,,,,,
116100.0333,486240,0.186598262,0.95603602,10.43,,,,,,,,,,,,,
116400.0333,486540,0.186558458,0.95603602,10.42,,,,,,,,,,,,,
116700.0333,486780,0.18651866,0.95603602,10.4,,,,,,,,,,,,,
117000.0333,487140,0.186471331,0.95603602,10.3,,,,,,,,,,,,,
117300.0333,487380,0.186452139,0.95603602,10.41,,,,,,,,,,,,,
117600.0333,487680,0.186452139,0.95603602,10.46,,,,,,,,,,,,,
117900.0333,488040,0.186452139,0.95603602,10.45,,,,,,,,,,,,,
118200.0333,488280,0.186452139,0.95603602,10.44,,,,,,,,,,,,,
118500.0333,488640,0.186452139,0.95603602,10.46,,,,,,,,,,,,,
118800.0333,488940,0.186452139,0.95603602,10.44,,,,,,,,,,,,,
119100.0333,489180,0.186452139,0.95603602,10.43,,,,,,,,,,,,,
119400.0333,489540,0.186464176,0.95603602,10.43,,,,,,,,,,,,,
119700.0333,489780,0.186483684,0.95603602,10.45,,,,,,,,,,,,,
120000.0333,490080,0.186483684,0.95603602,10.42,,,,,,,,,,,,,
120300.0333,490440,0.186502251,0.95603602,10.44,,,,,,,,,,,,,
120600.0333,490680,0.186522148,0.95603602,10.44,,,,,,,,,,,,,
120900.0333,491040,0.186546798,0.95603602,10.45,,,,,,,,,,,,,
121200.0333,491340,0.186546798,0.95603602,10.45,,,,,,,,,,,,,
121500.0333,491580,0.186560237,0.95603602,10.46,,,,,,,,,,,,,
121800.0333,491940,0.186578362,0.95603602,10.47,,,,,,,,,,,,,
122100.0333,492180,0.186578428,0.95603602,10.42,,,,,,,,,,,,,
122400.0333,492480,0.18659833,0.95603602,10.44,,,,,,,,,,,,,
122700.0333,492840,0.186609926,0.95603602,10.44,,,,,,,,,,,,,
123000.0333,493080,0.186616523,0.95603602,10.45,,,,,,,,,,,,,
123300.0333,493440,0.1866415,0.95603602,10.41,,,,,,,,,,,,,
123600.0333,493740,0.1866415,0.95603602,10.45,,,,,,,,,,,,,
123900.0333,493980,0.1866415,0.95603602,10.44,,,,,,,,,,,,,
124200.0333,494340,0.1866415,0.95603602,10.44,,,,,,,,,,,,,
124500.0333,494580,0.1866415,0.95603602,10.43,,,,,,,,,,,,,
124800.0333,494880,0.1866415,0.95603602,10.43,,,,,,,,,,,,,
125100.0333,495240,0.186659447,0.95603602,10.45,,,,,,,,,,,,,
125400.0333,495480,0.186673074,0.95603602,10.45,,,,,,,,,,,,,
125700.0333,495840,0.186677646,0.95603602,10.44,,,,,,,,,,,,,
126000.0333,496140,0.18669756,0.95603602,10.45,,,,,,,,,,,,,
126300.0333,496380,0.186704658,0.95603602,10.45,,,,,,,,,,,,,
126600.0333,496740,0.186704658,0.95603602,10.44,,,,,,,,,,,,,
126900.0333,496980,0.186704658,0.95603602,10.44,,,,,,,,,,,,,
127200.0333,497280,0.186724007,0.95603602,10.43,,,,,,,,,,,,,
127500.0333,497640,0.186753884,0.95603602,10.44,,,,,,,,,,,,,
127800.0333,497880,0.186767835,0.95603602,10.44,,,,,,,,,,,,,
128100.0333,498240,0.186772092,0.95603602,10.44,,,,,,,,,,,,,
128400.0333,498540,0.186792013,0.95603602,10.46,,,,,,,,,,,,,
128700.0333,498780,0.186824444,0.95603602,10.44,,,,,,,,,,,,,
129000.0333,499140,0.186862636,0.95603602,10.47,,,,,,,,,,,,,
129300.0333,499380,0.186862636,0.95603602,10.43,,,,,,,,,,,,,
129600.0333,499620,0.186881685,0.95603602,10.4,,,,,,,,,,,,,
129900.0333,500040,0.186928926,0.95603602,10.43,,,,,,,,,,,,,
130200.0333,500280,0.186957486,0.95603602,10.41,,,,,,,,,,,,,
130500.0333,500640,0.186961431,0.95603602,10.43,,,,,,,,,,,,,
130800.0333,500940,0.186981373,0.95603602,10.37,,,,,,,,,,,,,
131100.0333,501180,0.186989114,0.95603602,10.46,,,,,,,,,,,,,
131400.0333,501540,0.186989114,0.95603602,10.44,,,,,,,,,,,,,
131700.0333,501780,0.186989114,0.95603602,10.43,,,,,,,,,,,,,
132000.0333,502020,0.186989114,0.95603602,10.43,,,,,,,,,,,,,
132300.0333,502440,0.186989114,0.95603602,10.45,,,,,,,,,,,,,
132600.0333,502680,0.186989114,0.95603602,10.44,,,,,,,,,,,,,
132900.0333,503040,0.186989114,0.95603602,10.41,,,,,,,,,,,,,
133200.0333,503280,0.186989114,0.95603602,10.42,,,,,,,,,,,,,
133500.0333,503580,0.186989114,0.95603602,10.43,,,,,,,,,,,,,
133800.0333,503940,0.186989114,0.95603602,10.43,,,,,,,,,,,,,
134100.0333,504180,0.186989114,0.95603602,10.41,,,,,,,,,,,,,
134400.0333,504420,0.186989114,0.95603602,10.45,,,,,,,,,,,,,
134700.0333,504840,0.186989114,0.95603602,10.42,,,,,,,,,,,,,
135000.0333,505080,0.186989114,0.95603602,10.43,,,,,,,,,,,,,
135300.0333,505440,0.186989114,0.95603602,10.39,,,,,,,,,,,,,
135600.0333,505680,0.186989114,0.95603602,10.43,,,,,,,,,,,,,
135900.0333,505980,0.186989114,0.95603602,10.44,,,,,,,,,,,,,
136200.0333,506340,0.186989114,0.95603602,10.43,,,,,,,,,,,,,
136500.0333,506580,0.186989114,0.95603602,10.4,,,,,,,,,,,,,
136800.0333,506820,0.186989114,0.95603602,10.44,,,,,,,,,,,,,
137100.0333,507240,0.186989114,0.95603602,10.44,,,,,,,,,,,,,
137400.0333,507480,0.186989114,0.95603602,10.43,,,,,,,,,,,,,
137700.0333,507840,0.186989114,0.95603602,10.41,,,,,,,,,,,,,
138000.0333,508080,0.186989114,0.95603602,10.44,,,,,,,,,,,,,
138300.0333,508380,0.186989114,0.95603602,10.42,,,,,,,,,,,,,
138600.0333,508740,0.186989114,0.95603602,10.43,,,,,,,,,,,,,
138900.0333,508980,0.186989114,0.95603602,10.43,,,,,,,,,,,,,
139200.0333,509340,0.186989114,0.95603602,10.45,,,,,,,,,,,,,
139500.0333,509640,0.186989114,0.95603602,10.42,,,,,,,,,,,,,
139800.0333,509880,0.186989114,0.95603602,10.43,,,,,,,,,,,,,
140100.0333,510240,0.186986434,0.95603602,10.45,,,,,,,,,,,,,
140400.0333,510480,0.186966491,0.95603602,10.41,,,,,,,,,,,,,
140700.0333,510780,0.186957486,0.95603602,10.44,,,,,,,,,,,,,
141000.0333,511140,0.186957486,0.95603602,10.42,,,,,,,,,,,,,
141300.0333,511380,0.186957486,0.95603602,10.42,,,,,,,,,,,,,
141600.0333,511740,0.186930043,0.95603602,10.44,,,,,,,,,,,,,
141900.0333,512040,0.186925867,0.95603602,10.42,,,,,,,,,,,,,
142200.0333,512280,0.186925867,0.95603602,10.43,,,,,,,,,,,,,
142500.0333,512640,0.186923503,0.95603602,10.47,,,,,,,,,,,,,
142800.0333,512880,0.186903564,0.95603602,10.42,,,,,,,,,,,,,
143100.0333,513180,0.18688363,0.95603602,10.43,,,,,,,,,,,,,
143400.0333,513540,0.186862636,0.95603602,10.46,,,,,,,,,,,,,
143700.0333,513780,0.186862636,0.95603602,10.45,,,,,,,,,,,,,
144000.0333,514140,0.18680841,0.95603602,10.42,,,,,,,,,,,,,
144300.0333,514440,0.186799429,0.95603602,10.43,,,,,,,,,,,,,
144600.0333,514680,0.186795671,0.95603602,10.43,,,,,,,,,,,,,
144900.0333,515040,0.18676579,0.95603602,10.44,,,,,,,,,,,,,
145200.0333,515280,0.186745869,0.95603602,10.44,,,,,,,,,,,,,
145500.0333,515580,0.186725952,0.95603602,10.44,,,,,,,,,,,,,
145800.0333,515940,0.186704658,0.95603602,10.43,,,,,,,,,,,,,
146100.0333,516180,0.186704658,0.95603602,10.43,,,,,,,,,,,,,
146400.0333,516540,0.186704658,0.95603602,10.41,,,,,,,,,,,,,
146700.0333,516840,0.186704658,0.95603602,10.45,,,,,,,,,,,,,
147000.0333,517080,0.186704658,0.95603602,10.45,,,,,,,,,,,,,
147300.0333,517440,0.186702928,0.95603602,10.44,,,,,,,,,,,,,
147600.0333,517680,0.186683014,0.95603602,10.45,,,,,,,,,,,,,
147900.0333,517980,0.186673074,0.95603602,10.42,,,,,,,,,,,,,
148200.0333,518340,0.186673074,0.95603602,10.44,,,,,,,,,,,,,
148500.0333,518580,0.186673074,0.95603602,10.44,,,,,,,,,,,,,
148800.0333,518940,0.186673074,0.95603602,10.42,,,,,,,,,,,,,
149100.0333,519240,0.186658283,0.95603602,10.46,,,,,,,,,,,,,
149400.0333,519480,0.1866415,0.95603602,10.43,,,,,,,,,,,,,
149700.0333,519840,0.186640087,0.95603602,10.44,,,,,,,,,,,,,
150000.0333,520080,0.186620179,0.95603602,10.43,,,,,,,,,,,,,
150300.0333,520380,0.186600274,0.95603602,10.42,,,,,,,,,,,,,
150600.0333,520740,0.186578362,0.95603602,10.43,,,,,,,,,,,,,
150900.0333,520980,0.186578362,0.95603602,10.44,,,,,,,,,,,,,
151200.0333,521340,0.18655223,0.95603602,10.43,,,,,,,,,,,,,
151500.0333,521640,0.18653233,0.95603602,10.45,,,,,,,,,,,,,
151800.0333,521880,0.186515239,0.95603602,10.46,,,,,,,,,,,,,
152100.0333,522240,0.186514142,0.95603602,10.44,,,,,,,,,,,,,
152400.0333,522480,0.186494246,0.95603602,10.44,,,,,,,,,,,,,
152700.0333,522780,0.186474353,0.95603602,10.45,,,,,,,,,,,,,
153000.0333,523140,0.186452139,0.95603602,10.43,,,,,,,,,,,,,
153300.0333,523380,0.186452139,0.95603602,10.44,,,,,,,,,,,,,
153600.0333,523740,0.186426341,0.95603602,10.45,,,,,,,,,,,,,
153900.0333,524040,0.186420598,0.95603602,10.45,,,,,,,,,,,,,
154200.0333,524280,0.186418107,0.95603602,10.46,,,,,,,,,,,,,
154500.0333,524640,0.186388278,0.95603602,10.47,,,,,,,,,,,,,
154800.0333,524880,0.186368396,0.95603602,10.46,,,,,,,,,,,,,
155100.0333,525120,0.186357527,0.95603602,10.45,,,,,,,,,,,,,
155400.0333,525540,0.186350224,0.95603602,10.44,,,,,,,,,,,,,
155700.0333,525780,0.186330343,0.95603602,10.48,,,,,,,,,,,,,
156000.0333,526140,0.186300529,0.95603602,10.57,,,,,,,,,,,,,
156300.0333,526440,0.186280654,0.95603602,10.46,,,,,,,,,,,,,
156600.0333,526680,0.186262953,0.95603602,10.43,,,,,,,,,,,,,
156900.0333,527040,0.186262489,0.95603602,10.47,,,,,,,,,,,,,
157200.0333,527280,0.186242616,0.95603602,10.44,,,,,,,,,,,,,
157500.0333,527520,0.186231437,0.95603602,10.45,,,,,,,,,,,,,
157800.0333,527940,0.186231437,0.95603602,10.47,,,,,,,,,,,,,
158100.0333,528180,0.186231437,0.95603602,10.46,,,,,,,,,,,,,
158400.0333,528540,0.186231437,0.95603602,10.45,,,,,,,,,,,,,
158700.0333,528840,0.186217937,0.95603602,10.45,,,,,,,,,,,,,
159000.0333,529080,0.186198071,0.95603602,10.44,,,,,,,,,,,,,
159300.0333,529440,0.186168418,0.95603602,10.46,,,,,,,,,,,,,
159600.0333,529680,0.186168418,0.95603602,10.45,,,,,,,,,,,,,
159900.0333,529920,0.186160046,0.95603602,10.44,,,,,,,,,,,,,
160200.0333,530340,0.186130258,0.95603602,10.45,,,,,,,,,,,,,
160500.0333,530580,0.186110398,0.95603602,10.46,,,,,,,,,,,,,
160800.0333,530940,0.186105425,0.95603602,10.46,,,,,,,,,,,,,
161100.0333,531180,0.186092249,0.95603602,10.46,,,,,,,,,,,,,
161400.0333,531480,0.186072394,0.95603602,10.43,,,,,,,,,,,,,
161700.0333,531840,0.186042612,0.95603602,10.47,,,,,,,,,,,,,
162000.0333,532080,0.186042447,0.95603602,10.45,,,,,,,,,,,,,
162300.0333,532320,0.186042447,0.95603602,10.47,,,,,,,,,,,,,
162600.0333,532740,0.186042447,0.95603602,10.46,,,,,,,,,,,,,
162900.0333,532980,0.186042447,0.95603602,10.47,,,,,,,,,,,,,
163200.0333,533340,0.186042447,0.95603602,10.45,,,,,,,,,,,,,
163500.0333,533580,0.186042447,0.95603602,10.44,,,,,,,,,,,,,
163800.0333,533880,0.186041221,0.95603602,10.47,,,,,,,,,,,,,
164100.0333,534240,0.186011443,0.95603602,10.46,,,,,,,,,,,,,
164400.0333,534480,0.186010963,0.95603602,10.47,,,,,,,,,,,,,
164700.0333,534840,0.185993303,0.95603602,10.48,,,,,,,,,,,,,
165000.0333,535140,0.185979487,0.95603602,10.48,,,,,,,,,,,,,
165300.0333,535380,0.185979487,0.95603602,10.43,,,,,,,,,,,,,
165600.0333,535740,0.185979487,0.95603602,10.45,,,,,,,,,,,,,
165900.0333,535980,0.185979487,0.95603602,10.49,,,,,,,,,,,,,
166200.0333,536280,0.185980399,0.95603602,10.48,,,,,,,,,,,,,
166500.0333,536640,0.186010168,0.95603602,10.45,,,,,,,,,,,,,
166800.0333,536880,0.186010963,0.95603602,10.47,,,,,,,,,,,,,
167100.0333,537240,0.186028312,0.95603602,10.47,,,,,,,,,,,,,
167400.0333,537540,0.186042447,0.95603602,10.47,,,,,,,,,,,,,
167700.0333,537780,0.186042447,0.95603602,10.47,,,,,,,,,,,,,
168000.0333,538140,0.186042447,0.95603602,10.47,,,,,,,,,,,,,
168300.0333,538380,0.186054678,0.95603602,10.45,,,,,,,,,,,,,
168600.0333,538680,0.186074532,0.95603602,10.47,,,,,,,,,,,,,
168900.0333,539040,0.186104315,0.95603602,10.46,,,,,,,,,,,,,
169200.0333,539280,0.186105425,0.95603602,10.46,,,,,,,,,,,,,
169500.0333,539640,0.186122467,0.95603602,10.45,,,,,,,,,,,,,
169800.0333,539940,0.186142327,0.95603602,10.46,,,,,,,,,,,,,
170100.0333,540180,0.186162185,0.95603602,10.45,,,,,,,,,,,,,
170400.0333,540540,0.186168418,0.95603602,10.46,,,,,,,,,,,,,
170700.0333,540780,0.186180342,0.95603602,10.47,,,,,,,,,,,,,
171000.0333,541080,0.186199929,0.95603602,10.47,,,,,,,,,,,,,
171300.0333,541440,0.186199929,0.95603602,10.46,,,,,,,,,,,,,
171600.0333,541680,0.186199929,0.95603602,10.44,,,,,,,,,,,,,
171900.0333,542040,0.186216661,0.95603602,10.46,,,,,,,,,,,,,
172200.0333,542340,0.186231437,0.95603602,10.45,,,,,,,,,,,,,
172500.0333,542580,0.186231437,0.95603602,10.48,,,,,,,,,,,,,
172800.0333,542940,0.186231437,0.95603602,10.45,,,,,,,,,,,,,
173100.0333,543180,0.186231437,0.95603602,10.48,,,,,,,,,,,,,
173400.0333,543480,0.186231437,0.95603602,10.46,,,,,,,,,,,,,
173700.0333,543840,0.186261212,0.95603602,10.46,,,,,,,,,,,,,
174000.0333,544080,0.186262953,0.95603602,10.45,,,,,,,,,,,,,
174300.0333,544440,0.18624653,0.95603602,10.48,,,,,,,,,,,,,
174600.0333,544740,0.18622666,0.95603602,10.45,,,,,,,,,,,,,
174900.0333,544980,0.186206793,0.95603602,10.46,,,,,,,,,,,,,
175200.0333,545340,0.186154065,0.95603602,10.44,,,,,,,,,,,,,
175500.0333,545580,0.186136923,0.95603602,10.46,,,,,,,,,,,,,
175800.0333,545880,0.186136923,0.95603602,10.46,,,,,,,,,,,,,
176100.0333,546240,0.186107481,0.95603602,10.46,,,,,,,,,,,,,
176400.0333,546480,0.186087625,0.95603602,10.47,,,,,,,,,,,,,
176700.0333,546840,0.186073936,0.95603602,10.47,,,,,,,,,,,,,
177000.0333,547140,0.186073936,0.95603602,10.46,,,,,,,,,,,,,
177300.0333,547380,0.186073936,0.95603602,10.47,,,,,,,,,,,,,
177600.0333,547740,0.186073936,0.95603602,10.46,,,,,,,,,,,,,
177900.0333,547980,0.186073936,0.95603602,10.47,,,,,,,,,,,,,
178200.0333,548280,0.186073936,0.95603602,10.49,,,,,,,,,,,,,
178500.0333,548640,0.186073936,0.95603602,10.46,,,,,,,,,,,,,
178800.0333,548880,0.186073936,0.95603602,10.45,,,,,,,,,,,,,
179100.0333,549240,0.186073936,0.95603602,10.46,,,,,,,,,,,,,
179400.0333,549540,0.186073936,0.95603602,10.46,,,,,,,,,,,,,
179700.0333,549780,0.186073936,0.95603602,10.46,,,,,,,,,,,,,
180000.0333,550140,0.186073936,0.95603602,10.48,,,,,,,,,,,,,
180300.0333,550380,0.186073936,0.95603602,10.58,,,,,,,,,,,,,
180600.0333,550620,0.186073936,0.95603602,10.48,,,,,,,,,,,,,
180900.0333,551040,0.186073936,0.95603602,10.47,,,,,,,,,,,,,
181200.0333,551280,0.186056766,0.95603602,10.47,,,,,,,,,,,,,
181500.0333,551640,0.186042447,0.95603602,10.47,,,,,,,,,,,,,
181800.0333,551940,0.186042447,0.95603602,10.47,,,,,,,,,,,,,
182100.0333,552180,0.186042447,0.95603602,10.45,,,,,,,,,,,,,
182400.0333,552540,0.186020474,0.95603602,10.46,,,,,,,,,,,,,
182700.0333,552780,0.186010963,0.95603602,10.47,,,,,,,,,,,,,
183000.0333,553020,0.186010963,0.95603602,10.47,,,,,,,,,,,,,
183300.0333,553440,0.186010963,0.95603602,10.47,,,,,,,,,,,,,
183600.0333,553680,0.185994114,0.95603602,10.47,,,,,,,,,,,,,
183900.0333,554040,0.185979487,0.95603602,10.46,,,,,,,,,,,,,
184200.0333,554340,0.185975975,0.95603602,10.46,,,,,,,,,,,,,
184500.0333,554580,0.185956129,0.95603602,10.48,,,,,,,,,,,,,
184800.0333,554940,0.185948012,0.95603602,10.47,,,,,,,,,,,,,
185100.0333,555180,0.185948012,0.95603602,10.47,,,,,,,,,,,,,
185400.0333,555420,0.185948012,0.95603602,10.47,,,,,,,,,,,,,
185700.0333,555840,0.185948012,0.95603602,10.46,,,,,,,,,,,,,
186000.0333,556080,0.185948012,0.95603602,10.48,,,,,,,,,,,,,
186300.0333,556440,0.185948012,0.95603602,10.46,,,,,,,,,,,,,
186600.0333,556680,0.185948012,0.95603602,10.49,,,,,,,,,,,,,
186900.0333,556980,0.185948012,0.95603602,10.46,,,,,,,,,,,,,
187200.0333,557340,0.185948012,0.95603602,10.49,,,,,,,,,,,,,
187500.0333,557580,0.185948012,0.95603602,10.47,,,,,,,,,,,,,
187800.0333,557820,0.185948012,0.95603602,10.47,,,,,,,,,,,,,
188100.0333,558240,0.185948012,0.95603602,10.48,,,,,,,,,,,,,
188400.0333,558480,0.185948012,0.95603602,10.46,,,,,,,,,,,,,
188700.0333,558840,0.185948012,0.95603602,10.46,,,,,,,,,,,,,
189000.0333,559080,0.185948012,0.95603602,10.46,,,,,,,,,,,,,
189300.0333,559380,0.185948012,0.95603602,10.45,,,,,,,,,,,,,
189600.0333,559740,0.185948012,0.95603602,10.47,,,,,,,,,,,,,
189900.0333,559980,0.185957405,0.95603602,10.46,,,,,,,,,,,,,
190200.0333,560220,0.185977251,0.95603602,10.48,,,,,,,,,,,,,
190500.0333,560640,0.185979487,0.95603602,10.46,,,,,,,,,,,,,
190800.0333,560880,0.185979487,0.95603602,10.46,,,,,,,,,,,,,
191100.0333,561240,0.185979487,0.95603602,10.47,,,,,,,,,,,,,
191400.0333,561480,0.185979487,0.95603602,10.46,,,,,,,,,,,,,
191700.0333,561780,0.185979487,0.95603602,10.45,,,,,,,,,,,,,
192000.0333,562140,0.185979487,0.95603602,10.49,,,,,,,,,,,,,
192300.0333,562380,0.185979487,0.95603602,10.48,,,,,,,,,,,,,
192600.0333,562740,0.185979487,0.95603602,10.47,,,,,,,,,,,,,
192900.0333,563040,0.185979487,0.95603602,10.48,,,,,,,,,,,,,
193200.0333,563280,0.185979487,0.95603602,10.47,,,,,,,,,,,,,
193500.0333,563640,0.185979487,0.95603602,10.47,,,,,,,,,,,,,
193800.0333,563880,0.185979487,0.95603602,10.44,,,,,,,,,,,,,
194100.0333,564180,0.185979487,0.95603602,10.46,,,,,,,,,,,,,
194400.0333,564540,0.185979487,0.95603602,10.47,,,,,,,,,,,,,
194700.0333,564780,0.185979487,0.95603602,10.48,,,,,,,,,,,,,
195000.0333,565140,0.185979487,0.95603602,10.46,,,,,,,,,,,,,
195300.0333,565440,0.185979487,0.95603602,10.46,,,,,,,,,,,,,
195600.0333,565680,0.185979487,0.95603602,10.47,,,,,,,,,,,,,
195900.0333,566040,0.185979487,0.95603602,10.46,,,,,,,,,,,,,
196200.0333,566280,0.185979487,0.95603602,10.47,,,,,,,,,,,,,
196500.0333,566580,0.185979487,0.95603602,10.44,,,,,,,,,,,,,
196800.0333,566940,0.185979487,0.95603602,10.45,,,,,,,,,,,,,
197100.0333,567180,0.185979487,0.95603602,10.48,,,,,,,,,,,,,
197400.0333,567540,0.185979487,0.95603602,10.47,,,,,,,,,,,,,
197700.0333,567840,0.185979487,0.95603602,10.44,,,,,,,,,,,,,
198000.0333,568080,0.185979487,0.95603602,10.45,,,,,,,,,,,,,
198300.0333,568440,0.185979487,0.95603602,10.47,,,,,,,,,,,,,
198600.0333,568680,0.185979487,0.95603602,10.44,,,,,,,,,,,,,
198900.0333,568980,0.185979487,0.95603602,10.46,,,,,,,,,,,,,
199200.0333,569340,0.185979487,0.95603602,10.46,,,,,,,,,,,,,
199500.0333,569580,0.185979487,0.95603602,10.46,,,,,,,,,,,,,
199800.0333,569940,0.185973059,0.95603602,10.48,,,,,,,,,,,,,
200100.0333,570240,0.185953214,0.95603602,10.45,,,,,,,,,,,,,
200400.0333,570480,0.185948012,0.95603602,10.47,,,,,,,,,,,,,
200700.0333,570840,0.185948012,0.95603602,10.47,,,,,,,,,,,,,
201000.0333,571080,0.185948012,0.95603602,10.47,,,,,,,,,,,,,
201300.0333,571380,0.185948012,0.95603602,10.47,,,,,,,,,,,,,
201600.0333,571740,0.185928568,0.95603602,10.47,,,,,,,,,,,,,
201900.0333,571980,0.185916546,0.95603602,10.47,,,,,,,,,,,,,
202200.0333,572340,0.185916546,0.95603602,10.47,,,,,,,,,,,,,
202500.0333,572640,0.185916546,0.95603602,10.47,,,,,,,,,,,,,
202800.0333,572880,0.185916546,0.95603602,10.46,,,,,,,,,,,,,
203100.0333,573240,0.185916546,0.95603602,10.47,,,,,,,,,,,,,
203400.0333,573480,0.185915551,0.95603602,10.47,,,,,,,,,,,,,
203700.0333,573780,0.185895711,0.95603602,10.48,,,,,,,,,,,,,
204000.0333,574140,0.18588508,0.95603602,10.48,,,,,,,,,,,,,
204300.0333,574380,0.18588508,0.95603602,10.47,,,,,,,,,,,,,
204600.0333,574740,0.18588508,0.95603602,10.46,,,,,,,,,,,,,
204900.0333,575040,0.18588508,0.95603602,10.48,,,,,,,,,,,,,
205200.0333,575280,0.18588508,0.95603602,10.45,,,,,,,,,,,,,
205500.0333,575640,0.18588508,0.95603602,10.48,,,,,,,,,,,,,
205800.0333,575880,0.18588508,0.95603602,10.48,,,,,,,,,,,,,
206100.0333,576180,0.18588508,0.95603602,10.46,,,,,,,,,,,,,
206400.0333,576540,0.18588508,0.95603602,10.47,,,,,,,,,,,,,
206700.0333,576780,0.185877893,0.95603602,10.5,,,,,,,,,,,,,
207000.0333,577140,0.185853622,0.95603602,10.47,,,,,,,,,,,,,
207300.0333,577440,0.185853622,0.95603602,10.48,,,,,,,,,,,,,
207600.0333,577680,0.185853622,0.95603602,10.48,,,,,,,,,,,,,
207900.0333,578040,0.185853622,0.95603602,10.49,,,,,,,,,,,,,
208200.0333,578280,0.185853622,0.95603602,10.47,,,,,,,,,,,,,
208500.0333,578520,0.185853622,0.95603602,10.48,,,,,,,,,,,,,
208800.0333,578940,0.185853622,0.95603602,10.47,,,,,,,,,,,,,
209100.0333,579180,0.185833008,0.95603602,10.47,,,,,,,,,,,,,
209400.0333,579540,0.185754101,0.95603602,10.46,,,,,,,,,,,,,
209700.0333,579840,0.18573428,0.95603602,10.5,,,,,,,,,,,,,
210000.0333,580080,0.185513999,0.95603602,10.49,,,,,,,,,,,,,
210300.0333,580440,0.185202062,0.95603602,10.48,,,,,,,,,,,,,
210600.0333,580680,0.185162359,0.95603602,10.47,,,,,,,,,,,,,
210900.0333,580920,0.185063502,0.95603602,10.49,,,,,,,,,,,,,
211200.0333,581340,0.184860979,0.95603602,10.48,,,,,,,,,,,,,
211500.0333,581580,0.184755227,0.95603602,10.51,,,,,,,,,,,,,
211800.0333,581940,0.184755227,0.95603602,10.49,,,,,,,,,,,,,
212100.0333,582180,0.184755227,0.95603602,10.5,,,,,,,,,,,,,
212400.0333,582480,0.184755227,0.95603602,10.47,,,,,,,,,,,,,
212700.0333,582840,0.184777839,0.95603602,10.47,,,,,,,,,,,,,
213000.0333,583080,0.184817333,0.95603602,10.5,,,,,,,,,,,,,
213300.0333,583320,0.184837343,0.95603602,10.49,,,,,,,,,,,,,
213600.0333,583740,0.184866966,0.95603602,10.47,,,,,,,,,,,,,
213900.0333,583980,0.184892934,0.95603602,10.49,,,,,,,,,,,,,
214200.0333,584340,0.184947684,0.95603602,10.49,,,,,,,,,,,,,
214500.0333,584580,0.184967439,0.95603602,10.51,,,,,,,,,,,,,
214800.0333,584880,0.185063419,0.95603602,10.52,,,,,,,,,,,,,
215100.0333,585240,0.185238023,0.95603602,10.49,,,,,,,,,,,,,
215400.0333,585480,0.185317162,0.95603602,10.46,,,,,,,,,,,,,
215700.0333,585720,0.185607813,0.95603602,10.49,,,,,,,,,,,,,
